datum,land,type,slachtoffers,publicatie_datum,Nederland_ind,Europe_ind,World_ind,man_made,Marokko_ind,Turkije_ind,Belgie_ind,Duitsland_ind,Indonesie_ind,Polen_ind,Suriname_ind,Oceanie_ind,Afrika_ind,Amerika_ind,Asie_ind
2020-01-05,Amerika,protest,0,1.05.2020,0,0,1,1,0,0,0,0,0,0,0,0,0,0,0
2022-01-01,Verenigde staten,bosbrand,0,1.01.2022,0,0,1,0,0,0,0,0,0,0,0,0,0,1,0
2021-12-08,Italië,brand,2,12.08.2021,0,1,0,1,0,0,0,0,0,0,0,0,0,0,0
2019-04-18,Nederland,bosbrand,0,18.04.2019,1,0,0,0,0,0,0,0,0,0,0,0,0,0,0
2021-08-16,Haïti,aardbeving,1297,16.08.2021,0,0,1,0,0,0,0,0,0,0,0,0,0,1,0
2022-09-19,Japan,tyfoon,1,19.09.2022,0,0,1,0,0,0,0,0,0,0,0,0,0,0,1
2021-12-31,Filipijnen,tyfoon,405,31.12.2021,0,0,1,0,0,0,0,0,0,0,0,0,0,0,1
2021-05-28,Japan,noodtoestand,0,28.05.2021,0,0,1,0,0,0,0,0,0,0,0,0,0,0,1
2020-04-20,Nederland,bosbrand,0,20.04.2020,1,0,0,0,0,0,0,0,0,0,0,0,0,0,0
2021-12-13,Verenigde staten,tornado,0,13.12.2021,0,0,1,0,0,0,0,0,0,0,0,0,0,1,0
2019-04-09,Bahama's,orkaan,7,4.09.2019,0,0,1,0,0,0,0,0,0,0,0,0,0,1,0
2022-07-13,Sri lanka,protesten,0,13.07.2022,0,0,1,0,0,0,0,0,0,0,0,0,0,0,1
2021-06-19,Marokko,,0,19.06.2021,0,0,1,0,1,0,0,0,0,0,0,0,0,0,0
2020-03-31,Hongarije,,0,31.03.2020,0,1,0,0,0,0,0,0,0,0,0,0,0,0,0
2022-06-07,Nederland,,0,6.07.2022,1,0,0,0,0,0,0,0,0,0,0,0,0,0,0
2022-05-03,Oekraïne,oorlog,0,5.03.2022,0,1,0,1,0,0,0,0,0,0,0,0,0,0,0
2020-05-21,Hoorn afrika midden-oosten,sprinkhanenplaag,0,21.05.2020,0,0,1,0,0,0,0,0,0,0,0,0,0,0,0
2022-09-06,Spanje,bosbrand,0,9.06.2022,0,1,0,0,0,0,0,0,0,0,0,0,0,0,0
2021-03-09,Verenigde staten,noodweer,44,3.09.2021,0,0,1,0,0,0,0,0,0,0,0,0,0,1,0
2020-01-11,Filipijnen,tyfoon,0,1.11.2020,0,0,1,0,0,0,0,0,0,0,0,0,0,0,1
2022-12-26,Afghanistan,,0,26.12.2022,0,0,1,0,0,0,0,0,0,0,0,0,0,0,1
2021-08-29,Jemen,aanval militaire basis,30,29.08.2021,0,0,1,0,0,0,0,0,0,0,0,0,0,0,1
2020-06-07,Nederland,pandemie,0,6.07.2020,1,0,0,0,0,0,0,0,0,0,0,0,0,0,0
2022-07-28,Frankrijk,bosbrand,0,28.07.2022,0,1,0,0,0,0,0,0,0,0,0,0,0,0,0
2019-12-26,Filipijnen,tyfoon,16,26.12.2019,0,0,1,0,0,0,0,0,0,0,0,0,0,0,1
2022-09-25,Japan,tyfoon,2,25.09.2022,0,0,1,0,0,0,0,0,0,0,0,0,0,0,1
2022-12-07,Verenigde staten,bosbrand,0,12.07.2022,0,0,1,0,0,0,0,0,0,0,0,0,0,1,0
2019-09-14,Mozambique,cycloon,1300,14.09.2019,0,0,1,0,0,0,0,0,0,0,0,0,1,0,0
2022-05-25,Hongarije,oorlog,0,25.05.2022,0,1,0,1,0,0,0,0,0,0,0,0,0,0,0
2020-05-08,Frankrijk,bosbrand,0,5.08.2020,0,1,0,0,0,0,0,0,0,0,0,0,0,0,0
2021-07-26,Griekenland,hittegolf,0,26.07.2021,0,1,0,0,0,0,0,0,0,0,0,0,0,0,0
2021-07-26,Frankrijk,bosbrand,0,26.07.2021,0,1,0,0,0,0,0,0,0,0,0,0,0,0,0
2022-07-29,Kroatië,bosbrand,0,29.07.2022,0,1,0,0,0,0,0,0,0,0,0,0,0,0,0
2021-11-30,Afghanistan,,0,30.11.2021,0,0,1,0,0,0,0,0,0,0,0,0,0,0,1
2022-04-22,Oekraïne,beschietingen,3,22.04.2022,0,1,0,1,0,0,0,0,0,0,0,0,0,0,0
2020-10-04,Nederland,brand,0,10.04.2020,1,0,0,1,0,0,0,0,0,0,0,0,0,0,0
2019-12-27,Filipijnen,tyfoon,28,27.12.2019,0,0,1,0,0,0,0,0,0,0,0,0,0,0,1
2021-02-08,Myanmar,gezondheidscrisis,0,2.08.2021,0,0,1,0,0,0,0,0,0,0,0,0,0,0,1
2019-08-14,Nederland,droogte,0,14.08.2019,1,0,0,0,0,0,0,0,0,0,0,0,0,0,0
2022-04-03,Oekraïne,nucleaire ramp,0,4.03.2022,0,1,0,0,0,0,0,0,0,0,0,0,0,0,0
2022-03-24,Oekraïne,,0,24.03.2022,0,1,0,0,0,0,0,0,0,0,0,0,0,0,0
2022-02-22,Nederland,coronapandemie,0,22.02.2022,1,0,0,0,0,0,0,0,0,0,0,0,0,0,0
2022-08-18,Oekraïne,beschieting,0,18.08.2022,0,1,0,0,0,0,0,0,0,0,0,0,0,0,0
2022-06-07,Nederland,,0,6.07.2022,1,0,0,0,0,0,0,0,0,0,0,0,0,0,0
2022-08-15,Oekraïne,schietincident,0,15.08.2022,0,1,0,1,0,0,0,0,0,0,0,0,0,0,0
2021-09-26,Nigeria,hongersnood en burgeroorlog,1000000,26.09.2021,0,0,1,0,0,0,0,0,0,0,0,0,1,0,0
2022-08-19,Nederland,bosbrand,0,19.08.2022,1,0,0,0,0,0,0,0,0,0,0,0,0,0,0
2019-02-12,Samoa,mazelenuitbraak,53,2.12.2019,0,0,1,0,0,0,0,0,0,0,0,1,0,0,0
2021-05-12,Afghanistan,gezondheidszorginstorting,0,5.12.2021,0,0,1,0,0,0,0,0,0,0,0,0,0,0,1
2020-02-04,Hongarije,noodtoestand,0,2.04.2020,0,1,0,0,0,0,0,0,0,0,0,0,0,0,0
2021-06-22,Ethiopië,,,22.06.2021,0,0,1,0,0,0,0,0,0,0,0,0,1,0,0
2019-01-07,Ethiopië,vliegramp,157,1.07.2019,0,0,1,0,0,0,0,0,0,0,0,0,1,0,0
2020-05-21,India,cycloon,0,21.05.2020,0,0,1,0,0,0,0,0,0,0,0,0,0,0,1
2022-06-09,Oekraïne,nucleaire catastrofe,0,6.09.2022,0,1,0,0,0,0,0,0,0,0,0,0,0,0,0
2022-07-23,Oekraïne rusland turkse stad istanbul turkije verenigde naties,oorlog,0,23.07.2022,0,0,1,1,0,0,0,0,0,0,0,0,0,0,0
2021-12-07,Irak,brand,52,12.07.2021,0,0,1,1,0,0,0,0,0,0,0,0,0,0,1
2019-11-10,Japan,tyfoon,0,11.10.2019,0,0,1,0,0,0,0,0,0,0,0,0,0,0,1
2021-11-16,Nederland,,0,16.11.2021,1,0,0,0,0,0,0,0,0,0,0,0,0,0,0
2021-07-14,Belgie,overstroming,0,14.07.2021,0,0,1,0,0,0,0,0,0,0,0,0,0,0,0
2022-07-31,Verenigde staten,bosbrand,0,31.07.2022,0,0,1,0,0,0,0,0,0,0,0,0,0,1,0
2022-07-15,Turkije,bosbrand,19,15.07.2022,0,0,1,0,0,1,0,0,0,0,0,0,0,0,0
2022-10-18,Nigeria,overstromingen,603,18.10.2022,0,0,1,0,0,0,0,0,0,0,0,0,1,0,0
2021-03-21,Jemen,oorlog,8,21.03.2021,0,0,1,1,0,0,0,0,0,0,0,0,0,0,1
2019-03-09,Bahama's,orkaan,5,3.09.2019,0,0,1,0,0,0,0,0,0,0,0,0,0,1,0
2021-05-07,Cyprus,bosbrand,4,5.07.2021,0,1,0,0,0,0,0,0,0,0,0,0,0,0,1
2019-07-17,Frankrijk,bosbrand,0,17.07.2019,0,1,0,0,0,0,0,0,0,0,0,0,0,0,0
2020-02-06,Nederland,brand,0,2.06.2020,1,0,0,1,0,0,0,0,0,0,0,0,0,0,0
2020-08-06,Spanje,economische crisis / hongersnood,0,8.06.2020,0,1,0,0,0,0,0,0,0,0,0,0,0,0,0
2020-12-11,Nederland,schietincident,0,12.11.2020,1,0,0,1,0,0,0,0,0,0,0,0,0,0,0
2022-09-03,Oekraïne,luchtaanvallen,5,9.03.2022,0,1,0,1,0,0,0,0,0,0,0,0,0,0,0
2021-02-08,Turkije,bosbrand,8,2.08.2021,0,0,1,0,0,1,0,0,0,0,0,0,0,0,0
2019-10-24,Chili,onlusten,3,24.10.2019,0,0,1,0,0,0,0,0,0,0,0,0,0,1,0
2019-10-20,Chili,brand,5,20.10.2019,0,0,1,1,0,0,0,0,0,0,0,0,0,1,0
2021-02-28,Nederland,,0,28.02.2021,1,0,0,0,0,0,0,0,0,0,0,0,0,0,0
2021-07-24,China,overstromingen,56,24.07.2021,0,0,1,0,0,0,0,0,0,0,0,0,0,0,1
2022-11-26,Italië,aardverschuiving,1,26.11.2022,0,1,0,0,0,0,0,0,0,0,0,0,0,0,0
2021-04-27,Jemen,milieuramp,0,27.04.2021,0,0,1,0,0,0,0,0,0,0,0,0,0,0,1
2021-08-02,Turkije,bosbranden,8,"August 2, 2021",0,0,1,0,0,1,0,0,0,0,0,0,0,0,0
2021-03-09,Verenigde staten,overstromingen,44,3.09.2021,0,0,1,0,0,0,0,0,0,0,0,0,0,1,0
2021-11-20,Nederland,coronavirus pandemie,0,20.11.2021,1,0,0,0,0,0,0,0,0,0,0,0,0,0,0
2021-09-30,Ethiopië,,0,30.09.2021,0,0,1,0,0,0,0,0,0,0,0,0,1,0,0
2019-11-18,Australië,bosbranden,6,18.11.2019,0,0,1,0,0,0,0,0,0,0,0,1,0,0,0
2021-07-16,Verenigde staten,instorting,4,16.07.2021,0,0,1,0,0,0,0,0,0,0,0,0,0,1,0
2019-07-15,Venezuela,economische crisis,0,15.07.2019,0,0,1,1,0,0,0,0,0,0,0,0,0,0,0
2022-08-30,Afghanistan,overstromingen,180,30.08.2022,0,0,1,0,0,0,0,0,0,0,0,0,0,0,1
2021-08-06,Suriname,coronacrisis,50,8.06.2021,0,0,1,0,0,0,0,0,0,0,1,0,0,0,0
2019-12-25,Chili,bosbrand,0,25.12.2019,0,0,1,0,0,0,0,0,0,0,0,0,0,1,0
2021-07-21,Verenigde staten,brand,1,21.07.2021,0,0,1,1,0,0,0,0,0,0,0,0,0,1,0
2019-05-23,Venezuela,,0,23.05.2019,0,0,1,0,0,0,0,0,0,0,0,0,0,0,0
2021-06-08,Ethiopië,oorlog,0,6.08.2021,0,0,1,1,0,0,0,0,0,0,0,0,1,0,0
2022-03-23,Oekraïne,oorlog,0,23.03.2022,0,1,0,1,0,0,0,0,0,0,0,0,0,0,0
2022-07-25,Nederland,boerenprotest,0,25.07.2022,1,0,0,0,0,0,0,0,0,0,0,0,0,0,0
2020-06-04,Spanje,coronavirus,0,6.04.2020,0,1,0,0,0,0,0,0,0,0,0,0,0,0,0
2019-12-20,Australië,bosbranden,8,20.12.2019,0,0,1,0,0,0,0,0,0,0,0,1,0,0,0
2022-04-07,Afrika,hongersnood,0,4.07.2022,0,0,1,0,0,0,0,0,0,0,0,0,0,0,0
2021-02-05,Australië,bosbrand,0,2.05.2021,0,0,1,0,0,0,0,0,0,0,0,1,0,0,0
2022-03-17,Italië,coronamaatregelen,0,17.03.2022,0,1,0,0,0,0,0,0,0,0,0,0,0,0,0
2022-02-13,Afghanistan,,0,13.02.2022,0,0,1,0,0,0,0,0,0,0,0,0,0,0,1
2020-10-30,Verenigde staten,bosbranden,2,30.10.2020,0,0,1,0,0,0,0,0,0,0,0,0,0,1,0
2021-11-28,Afghanistan,,0,28.11.2021,0,0,1,0,0,0,0,0,0,0,0,0,0,0,1
2019-04-18,Nederland,containerramp,0,18.04.2019,1,0,0,0,0,0,0,0,0,0,0,0,0,0,0
2020-05-21,Frankrijk,coronavirus,24500,21.05.2020,0,1,0,0,0,0,0,0,0,0,0,0,0,0,0
2022-07-20,Europa,hittegolf en bosbranden,0,20.07.2022,0,1,0,0,0,0,0,0,0,0,0,0,0,0,0
2022-09-25,Canada,noodweer,0,25.09.2022,0,0,1,0,0,0,0,0,0,0,0,0,0,1,0
2021-05-27,Japan,,0,27.05.2021,0,0,1,0,0,0,0,0,0,0,0,0,0,0,1
2020-01-23,Australië,vliegtuigcrash,3,23.01.2020,0,0,1,1,0,0,0,0,0,0,0,1,0,0,0
2022-08-27,Pakistan,overstromingen,1000,27.08.2022,0,0,1,0,0,0,0,0,0,0,0,0,0,0,1
2020-03-22,Hongarije,corona-pandemie,6,22.03.2020,0,1,0,0,0,0,0,0,0,0,0,0,0,0,0
2020-03-06,Nederland,bosbrand,0,3.06.2020,1,0,0,0,0,0,0,0,0,0,0,0,0,0,0
2020-11-15,Filipijnen,tyfoon,53,15.11.2020,0,0,1,0,0,0,0,0,0,0,0,0,0,0,1
2019-11-13,Italië,overstroming,1,13.11.2019,0,1,0,0,0,0,0,0,0,0,0,0,0,0,0
2020-12-11,Filipijnen,tyfoon,26,12.11.2020,0,0,1,0,0,0,0,0,0,0,0,0,0,0,1
2022-08-15,Spanje,bosbrand,0,15.08.2022,0,1,0,0,0,0,0,0,0,0,0,0,0,0,0
2020-01-22,Australië,natuurramp,12,22.01.2020,0,0,1,0,0,0,0,0,0,0,0,1,0,0,0
2022-10-05,Nederland,brand,0,10.05.2022,1,0,0,1,0,0,0,0,0,0,0,0,0,0,0
2019-01-07,Mozambique,overstroming,0,1.07.2019,0,0,1,0,0,0,0,0,0,0,0,0,1,0,0
2019-06-05,India,cycloon,0,6.05.2019,0,0,1,0,0,0,0,0,0,0,0,0,0,0,1
2019-05-15,Nederland,bosbrand,0,15.05.2019,1,0,0,0,0,0,0,0,0,0,0,0,0,0,0
2022-11-08,Frankrijk,bosbrand,0,11.08.2022,0,1,0,0,0,0,0,0,0,0,0,0,0,0,0
2021-03-09,Verenigde staten,overstroming,41,3.09.2021,0,0,1,0,0,0,0,0,0,0,0,0,0,1,0
2022-09-03,Oekraïne,oorlog,0,9.03.2022,0,1,0,1,0,0,0,0,0,0,0,0,0,0,0
2022-08-03,Oekraïne,oorlog,21,8.03.2022,0,1,0,1,0,0,0,0,0,0,0,0,0,0,0
2020-05-22,Pakistan,vliegtuigcrash,99,22.05.2020,0,0,1,1,0,0,0,0,0,0,0,0,0,0,1
2022-03-16,Oekraïne,bombardement,2,16.03.2022,0,1,0,1,0,0,0,0,0,0,0,0,0,0,0
2021-08-17,Frankrijk,bosbrand,0,17.08.2021,0,1,0,0,0,0,0,0,0,0,0,0,0,0,0
2020-09-01,Australië,bosbranden,25,9.01.2020,0,0,1,0,0,0,0,0,0,0,0,1,0,0,0
2021-01-13,Ierland,coronabesmettingen,0,13.01.2021,0,1,0,0,0,0,0,0,0,0,0,0,0,0,0
2021-04-07,Haïti,tropische storm,3,4.07.2021,0,0,1,0,0,0,0,0,0,0,0,0,0,1,0
2019-02-04,Mozambique,cholera-epidemie,1,2.04.2019,0,0,1,0,0,0,0,0,0,0,0,0,1,0,0
2022-01-09,Verenigde staten,bosbrand,8,1.09.2022,0,0,1,0,0,0,0,0,0,0,0,0,0,1,0
2021-04-23,Verenigde staten,klimaatverandering,0,23.04.2021,0,0,1,0,0,0,0,0,0,0,0,0,0,1,0
2022-06-18,Ecuador,protesten,43,18.06.2022,0,0,1,0,0,0,0,0,0,0,0,0,0,1,0
2019-12-21,Australië,bosbranden,0,21.12.2019,0,0,1,0,0,0,0,0,0,0,0,1,0,0,0
2021-06-08,Verenigde staten,bosbrand,0,6.08.2021,0,0,1,0,0,0,0,0,0,0,0,0,0,1,0
2021-07-15,Puerto rico,stroomuitval,0,15.07.2021,0,0,1,0,0,0,0,0,0,0,0,0,0,1,0
2022-07-17,Oekraïne,oorlog,24,17.07.2022,0,1,0,1,0,0,0,0,0,0,0,0,0,0,0
2021-11-07,Griekenland,bosbrand,0,11.07.2021,0,1,0,0,0,0,0,0,0,0,0,0,0,0,0
2021-06-28,Ethiopië,oorlog,,28.06.2021,0,0,1,1,0,0,0,0,0,0,0,0,1,0,0
2021-05-08,Turkije,bosbrand,0,5.08.2021,0,0,1,0,0,1,0,0,0,0,0,0,0,0,0
2020-04-22,Nederland,bosbrand,0,22.04.2020,1,0,0,0,0,0,0,0,0,0,0,0,0,0,0
2022-05-23,Oekraïne,oorlog,0,23.05.2022,0,1,0,1,0,0,0,0,0,0,0,0,0,0,0
2021-08-15,Haïti,aardbeving,724,15.08.2021,0,0,1,0,0,0,0,0,0,0,0,0,0,1,0
2020-05-17,Nederland,bosbrand,0,17.05.2020,1,0,0,0,0,0,0,0,0,0,0,0,0,0,0
2022-11-28,Italië,aardverschuiving,8,28.11.2022,0,1,0,0,0,0,0,0,0,0,0,0,0,0,0
2019-06-07,Hongarije,bootramp,27,6.07.2019,0,1,0,0,0,0,0,0,0,0,0,0,0,0,0
2020-01-11,Spanje,protest,30,1.11.2020,0,1,0,1,0,0,0,0,0,0,0,0,0,0,0
2022-07-16,Frankrijk,bosbrand,1,16.07.2022,0,1,0,0,0,0,0,0,0,0,0,0,0,0,0
2020-08-22,Verenigde staten,bosbranden,6,22.08.2020,0,0,1,0,0,0,0,0,0,0,0,0,0,1,0
2022-09-08,Frankrijk,bosbrand,0,9.08.2022,0,1,0,0,0,0,0,0,0,0,0,0,0,0,0
2022-07-26,Nederland,apenpokken,0,26.07.2022,1,0,0,0,0,0,0,0,0,0,0,0,0,0,0
2020-04-26,Nederland,bosbrand,0,26.04.2020,1,0,0,0,0,0,0,0,0,0,0,0,0,0,0
2021-02-21,Verenigde staten,,0,21.02.2021,0,0,1,0,0,0,0,0,0,0,0,0,0,1,0
2022-03-03,Oekraïne,oorlog,0,3.03.2022,0,1,0,1,0,0,0,0,0,0,0,0,0,0,0
2020-04-20,Nederland,brand,0,20.04.2020,1,0,0,1,0,0,0,0,0,0,0,0,0,0,0
2022-03-17,Afghanistan,,0,17.03.2022,0,0,1,0,0,0,0,0,0,0,0,0,0,0,1
2019-06-24,Nederland,,zero,24.06.2019,1,0,0,0,0,0,0,0,0,0,0,0,0,0,0
2022-03-14,Frankrijk,rellen,67,14.03.2022,0,1,0,0,0,0,0,0,0,0,0,0,0,0,0
2019-06-28,Spanje,hittegolf,0,28.06.2019,0,1,0,0,0,0,0,0,0,0,0,0,0,0,0
2022-09-27,Verenigde staten,orkaan,0,27.09.2022,0,0,1,0,0,0,0,0,0,0,0,0,0,1,0
2020-02-04,Rusland,coronacrisis,0,2.04.2020,0,0,1,0,0,0,0,0,0,0,0,0,0,0,1
2022-08-05,Rusland,bosbranden,8,8.05.2022,0,0,1,0,0,0,0,0,0,0,0,0,0,0,1
2020-03-13,Verenigde staten,coronavirus,41,13.03.2020,0,0,1,0,0,0,0,0,0,0,0,0,0,1,0
2020-11-01,Puerto rico,aardbeving,1,11.01.2020,0,0,1,0,0,0,0,0,0,0,0,0,0,1,0
2022-12-13,Peru,protesten,7,13.12.2022,0,0,1,0,0,0,0,0,0,0,0,0,0,1,0
2019-02-07,Duitsland,bosbrand,0,2.07.2019,0,1,0,0,0,0,0,1,0,0,0,0,0,0,0
2019-11-15,Italië,overstromingen,2,15.11.2019,0,1,0,0,0,0,0,0,0,0,0,0,0,0,0
2019-10-13,Japan,tyfoon,10,13.10.2019,0,0,1,0,0,0,0,0,0,0,0,0,0,0,1
2021-08-14,Turkije,overstromingen,50,14.08.2021,0,0,1,0,0,1,0,0,0,0,0,0,0,0,0
2019-11-10,Japan,tyfoon,0,11.10.2019,0,0,1,0,0,0,0,0,0,0,0,0,0,0,1
2021-07-01,Japan,coronavirus,0,7.01.2021,0,0,1,0,0,0,0,0,0,0,0,0,0,0,1
2021-08-23,Afghanistan,,,23.08.2021,0,0,1,0,0,0,0,0,0,0,0,0,0,0,1
2022-03-06,Oekraïne,voedselcrisis,0,03.06.2022,0,1,0,0,0,0,0,0,0,0,0,0,0,0,0
2021-12-17,Verenigde staten,,0,17.12.2021,0,0,1,0,0,0,0,0,0,0,0,0,0,1,0
2022-10-08,Frankrijk,bosbrand,0,10.08.2022,0,1,0,0,0,0,0,0,0,0,0,0,0,0,0
2019-04-18,Verenigde staten,mazelen uitbraak,0,18.04.2019,0,0,1,0,0,0,0,0,0,0,0,0,0,1,0
2022-01-07,Oekraïne,oorlog,0,1.07.2022,0,1,0,1,0,0,0,0,0,0,0,0,0,0,0
2022-07-13,Frankrijk,bosbrand,0,13.07.2022,0,1,0,0,0,0,0,0,0,0,0,0,0,0,0
2019-11-26,Taiwan,,14,26.11.2019,0,0,1,0,0,0,0,0,0,0,0,0,0,0,1
2019-08-31,Bahama's,orkaan,,31.08.2019,0,0,1,0,0,0,0,0,0,0,0,0,0,1,0
2022-08-28,Grote oceaan,typhoon,0,28.08.2022,0,0,1,0,0,0,0,0,0,0,0,0,0,0,0
2021-06-14,Ethiopië,humanitaire catastrofe,0,14.06.2021,0,0,1,0,0,0,0,0,0,0,0,0,1,0,0
2021-09-08,Japan,coronavirus,0,9.08.2021,0,0,1,0,0,0,0,0,0,0,0,0,0,0,1
2022-03-27,Oekraïne,oorlog,,27.03.2022,0,1,0,1,0,0,0,0,0,0,0,0,0,0,0
2020-10-14,Frankrijk,coronavirus,0,14.10.2020,0,1,0,0,0,0,0,0,0,0,0,0,0,0,0
2019-06-30,Rusland,overstromingen,5,30.06.2019,0,0,1,0,0,0,0,0,0,0,0,0,0,0,1
2022-09-29,Verenigde staten,orkaan,0,29.09.2022,0,0,1,0,0,0,0,0,0,0,0,0,0,1,0
2021-10-13,Afghanistan,,0,13.10.2021,0,0,1,0,0,0,0,0,0,0,0,0,0,0,1
2021-02-17,Verenigde staten,winterse storm,5,17.02.2021,0,0,1,0,0,0,0,0,0,0,0,0,0,1,0
2020-09-28,Azerbeidzjan,,"{'dood': 6, 'gewond': 19}",28.09.2020,0,1,0,0,0,0,0,0,0,0,0,0,0,0,1
2022-07-16,Spanje,bosbrand,0,16.07.2022,0,1,0,0,0,0,0,0,0,0,0,0,0,0,0
2022-07-18,Frankrijk,natuurbranden,0,18.07.2022,0,1,0,0,0,0,0,0,0,0,0,0,0,0,0
2022-07-21,Frankrijk,bosbrand,0,21.07.2022,0,1,0,0,0,0,0,0,0,0,0,0,0,0,0
2019-07-12,Australië,bosbrand,4,7.12.2019,0,0,1,0,0,0,0,0,0,0,0,1,0,0,0
2022-08-13,Afghanistan,,0,13.08.2022,0,0,1,0,0,0,0,0,0,0,0,0,0,0,1
2020-03-21,Peru,noodtoestand,0,21.03.2020,0,0,1,0,0,0,0,0,0,0,0,0,0,1,0
2019-10-24,Zuid-amerika,gewelddadige protesten,,24.10.2019,0,0,1,0,0,0,0,0,0,0,0,0,0,0,0
2021-07-23,Madagaskar,hongersnood,0,23.07.2021,0,0,1,0,0,0,0,0,0,0,0,0,1,0,0
2021-07-31,Japan,coronavirus,0,31.07.2021,0,0,1,0,0,0,0,0,0,0,0,0,0,0,1
2021-08-28,Amerika,orkaan,0,28.08.2021,0,0,1,0,0,0,0,0,0,0,0,0,0,0,0
2022-08-15,Afghanistan,humanitaire crisis,0,15.08.2022,0,0,1,0,0,0,0,0,0,0,0,0,0,0,1
2022-02-04,Sri lanka,protesten en rellen,30,2.04.2022,0,0,1,0,0,0,0,0,0,0,0,0,0,0,1
2021-08-30,Verenigde staten,orkaan,0,30.08.2021,0,0,1,0,0,0,0,0,0,0,0,0,0,1,0
2022-12-16,Filipijnen,tyfoon,0,16.12.2022,0,0,1,0,0,0,0,0,0,0,0,0,0,0,1
2021-10-25,Mexico,orkaan,0,25.10.2021,0,0,1,0,0,0,0,0,0,0,0,0,0,1,0
2021-12-12,Verenigde staten,tornado,19,12.12.2021,0,0,1,0,0,0,0,0,0,0,0,0,0,1,0
2022-05-15,Nederland,bosbrand,0,15.05.2022,1,0,0,0,0,0,0,0,0,0,0,0,0,0,0
2021-06-08,Griekenland,bosbranden,0,6.08.2021,0,1,0,0,0,0,0,0,0,0,0,0,0,0,0
2022-07-21,Griekenland,bosbrand,12,21.07.2022,0,1,0,0,0,0,0,0,0,0,0,0,0,0,0
2022-09-25,Canada,storm,0,25.09.2022,0,0,1,0,0,0,0,0,0,0,0,0,0,1,0
2019-01-07,Mozambique,orkaan,1000,1.07.2019,0,0,1,0,0,0,0,0,0,0,0,0,1,0,0
2019-11-12,Niger,aanval militair kamp,71,11.12.2019,0,0,1,0,0,0,0,0,0,0,0,0,1,0,0
2020-10-16,Zimbabwe,hongercrisis,0,16.10.2020,0,0,1,0,0,0,0,0,0,0,0,0,1,0,0
2019-08-09,Noord- zuid-korea,tyfoon lingling,8,8.09.2019,0,0,1,0,0,0,0,0,0,0,0,0,0,0,0
2021-07-27,Japan,tyfoon,0,27.07.2021,0,0,1,0,0,0,0,0,0,0,0,0,0,0,1
2020-04-25,Nederland,bosbrand,0,25.04.2020,1,0,0,0,0,0,0,0,0,0,0,0,0,0,0
2021-05-16,India,tropische storm,6,16.05.2021,0,0,1,0,0,0,0,0,0,0,0,0,0,0,1
2019-06-14,Indonesië,geweld tijdens dekolonisatie,0,14.06.2019,0,0,1,0,0,0,0,0,1,0,0,0,0,0,0
2020-03-15,Spanje,,0,15.03.2020,0,1,0,0,0,0,0,0,0,0,0,0,0,0,0
2021-09-14,Verenigde staten,tropische storm,0,14.09.2021,0,0,1,0,0,0,0,0,0,0,0,0,0,1,0
2021-03-20,Australië,overstroming,0,20.03.2021,0,0,1,0,0,0,0,0,0,0,0,1,0,0,0
2020-05-22,Nederland,bosbrand,0,22.05.2020,1,0,0,0,0,0,0,0,0,0,0,0,0,0,0
2022-01-12,Vanuatu,verplaatsing,0,1.12.2022,0,0,1,0,0,0,0,0,0,0,0,1,0,0,0
2020-08-18,Noord-korea,hongersnood,0,18.08.2020,0,0,1,0,0,0,0,0,0,0,0,0,0,0,1
2020-05-23,Nederland,brand,0,23.05.2020,1,0,0,1,0,0,0,0,0,0,0,0,0,0,0
2021-01-01,China,pandemie,1800000,1.01.2021,0,0,1,0,0,0,0,0,0,0,0,0,0,0,1
2020-06-04,Nederland,bosbrand,0,6.04.2020,1,0,0,0,0,0,0,0,0,0,0,0,0,0,0
2020-03-09,Japan,tyfoon,0,3.09.2020,0,0,1,0,0,0,0,0,0,0,0,0,0,0,1
2022-01-08,Verenigde staten,bosbrand,0,1.08.2022,0,0,1,0,0,0,0,0,0,0,0,0,0,1,0
2021-06-02,Ethiopië,hongersnood,0,6.02.2021,0,0,1,0,0,0,0,0,0,0,0,0,1,0,0
2022-08-28,Oekraïne,nucleair ongeval,0,28.08.2022,0,1,0,0,0,0,0,0,0,0,0,0,0,0,0
2021-09-14,Nederland,bosbranden,0,14.09.2021,1,0,0,0,0,0,0,0,0,0,0,0,0,0,0
2022-10-17,Nigeria,overstroming,603,17.10.2022,0,0,1,0,0,0,0,0,0,0,0,0,1,0,0
2021-12-17,Afghanistan,coronavirus epidemie,0,17.12.2021,0,0,1,0,0,0,0,0,0,0,0,0,0,0,1
2019-06-30,Italië,,0,30.06.2019,0,1,0,0,0,0,0,0,0,0,0,0,0,0,0
2021-06-01,Israël,lockdown,30,6.01.2021,0,0,1,0,0,0,0,0,0,0,0,0,0,0,1
2022-12-24,Afghanistan,,0,24.12.2022,0,0,1,0,0,0,0,0,0,0,0,0,0,0,1
2021-11-22,Nederland,,0,22.11.2021,1,0,0,0,0,0,0,0,0,0,0,0,0,0,0
2022-12-01,Ethiopië,geweld,3,12.01.2022,0,0,1,0,0,0,0,0,0,0,0,0,1,0,0
2022-05-16,Rusland,,0,16.05.2022,0,0,1,0,0,0,0,0,0,0,0,0,0,0,1
2022-02-24,Nederland,oorlog,0,24.02.2022,1,0,0,1,0,0,0,0,0,0,0,0,0,0,0
2022-06-07,Zuid-frankrijk,droogte,0,6.07.2022,0,0,1,0,0,0,0,0,0,0,0,0,0,0,0
2021-08-16,Spanje,bosbranden,0,16.08.2021,0,1,0,0,0,0,0,0,0,0,0,0,0,0,0
2022-11-09,Filipijnen,overstroming,0,11.09.2022,0,0,1,0,0,0,0,0,0,0,0,0,0,0,1
2022-08-16,Nederland,bosbrand,0,16.08.2022,1,0,0,0,0,0,0,0,0,0,0,0,0,0,0
2019-01-11,Californië,bosbrand,0,1.11.2019,0,0,1,0,0,0,0,0,0,0,0,0,0,0,0
2020-05-21,"India, bangladesh",cycloon,15,21.05.2020,0,0,1,0,0,0,0,0,0,0,0,0,0,0,0
2021-08-15,Haïti,aardbeving,724,15.08.2021,0,0,1,0,0,0,0,0,0,0,0,0,0,1,0
2020-09-03,Verenigde staten,,0,9.03.2020,0,0,1,0,0,0,0,0,0,0,0,0,0,1,0
2021-07-30,Turkije,bosbrand,4,30.07.2021,0,0,1,0,0,1,0,0,0,0,0,0,0,0,0
2021-01-03,Jemen,hongersnood,0,1.03.2021,0,0,1,0,0,0,0,0,0,0,0,0,0,0,1
2020-06-29,India,coronavirus,0,29.06.2020,0,0,1,0,0,0,0,0,0,0,0,0,0,0,1
2022-10-16,Nigeria,overstroming,603,16.10.2022,0,0,1,0,0,0,0,0,0,0,0,0,1,0,0
2022-09-29,Verenigde staten,orkaan,23,29.09.2022,0,0,1,0,0,0,0,0,0,0,0,0,0,1,0
2020-09-09,Griekenland,brand,0,9.09.2020,0,1,0,1,0,0,0,0,0,0,0,0,0,0,0
2022-07-24,Verenigde staten,bosbrand,0,24.07.2022,0,0,1,0,0,0,0,0,0,0,0,0,0,1,0
2019-06-08,Verenigde staten,schietincident,22,6.08.2019,0,0,1,1,0,0,0,0,0,0,0,0,0,1,0
2022-09-07,Zuid-europa,hittegolf,0,9.07.2022,0,0,1,0,0,0,0,0,0,0,0,0,0,0,0
2022-12-24,Verenigde staten,winterstorm,0,24.12.2022,0,0,1,0,0,0,0,0,0,0,0,0,0,1,0
2019-11-08,China,tyfoon,28,11.08.2019,0,0,1,0,0,0,0,0,0,0,0,0,0,0,1
2022-06-20,Duitsland,bosbrand,0,20.06.2022,0,1,0,0,0,0,0,1,0,0,0,0,0,0,0
2020-01-27,Kenia,plaag,0,27.01.2020,0,0,1,0,0,0,0,0,0,0,0,0,1,0,0
2019-04-20,Nederland,natuurbrand,0,20.04.2019,1,0,0,0,0,0,0,0,0,0,0,0,0,0,0
2022-09-18,Japan,tyfoon,0,18.09.2022,0,0,1,0,0,0,0,0,0,0,0,0,0,0,1
2020-04-22,Nederland,natuurbrand,0,22.04.2020,1,0,0,0,0,0,0,0,0,0,0,0,0,0,0
2022-07-14,Frankrijk,bosbrand,0,14.07.2022,0,1,0,0,0,0,0,0,0,0,0,0,0,0,0
2020-09-01,Australië,bosbranden,0,9.01.2020,0,0,1,0,0,0,0,0,0,0,0,1,0,0,0
2019-09-07,Italië,reddingsschip incident,0,9.07.2019,0,1,0,0,0,0,0,0,0,0,0,0,0,0,0
2020-05-19,India en bangladesh,cycloon,0,19.05.2020,0,0,1,0,0,0,0,0,0,0,0,0,0,0,0
2021-08-24,Griekenland,bosbrand,0,24.08.2021,0,1,0,0,0,0,0,0,0,0,0,0,0,0,0
2022-12-05,Verenigde staten,bosbrand,0,12.05.2022,0,0,1,0,0,0,0,0,0,0,0,0,0,1,0
2022-09-15,Frankrijk,bosbrand,0,15.09.2022,0,1,0,0,0,0,0,0,0,0,0,0,0,0,0
2021-07-21,Verenigde staten,bosbranden,0,21.07.2021,0,0,1,0,0,0,0,0,0,0,0,0,0,1,0
2022-08-06,Afrika,,0,8.06.2022,0,0,1,0,0,0,0,0,0,0,0,0,0,0,0
2021-07-08,Griekenland,bosbranden,1,7.08.2021,0,1,0,0,0,0,0,0,0,0,0,0,0,0,0
2021-10-13,Chili,,1,13.10.2021,0,0,1,0,0,0,0,0,0,0,0,0,0,1,0
2021-12-23,Afghanistan,voedselcrisis,0,23.12.2021,0,0,1,0,0,0,0,0,0,0,0,0,0,0,1
2022-02-28,Oekraïne,oorlog,11,28.02.2022,0,1,0,1,0,0,0,0,0,0,0,0,0,0,0
2022-04-07,Oezbekistan,protesten,18,4.07.2022,0,0,1,0,0,0,0,0,0,0,0,0,0,0,1
2019-03-05,India,cycloon,3,3.05.2019,0,0,1,0,0,0,0,0,0,0,0,0,0,0,1
2022-11-07,Nederland,brand,0,11.07.2022,1,0,0,1,0,0,0,0,0,0,0,0,0,0,0
2020-03-09,Japan,schipongeluk,42,3.09.2020,0,0,1,0,0,0,0,0,0,0,0,0,0,0,1
2022-11-08,Frankrijk,bosbrand,0,11.08.2022,0,1,0,0,0,0,0,0,0,0,0,0,0,0,0
2022-12-08,Verenigde staten,vuurtornado,0,12.08.2022,0,0,1,0,0,0,0,0,0,0,0,0,0,1,0
2021-06-30,Canada,extreme hitte,100,30.06.2021,0,0,1,0,0,0,0,0,0,0,0,0,0,1,0
2021-05-16,Israël,oorlog,120,16.05.2021,0,0,1,1,0,0,0,0,0,0,0,0,0,0,1
2019-11-15,Italie,overstroming,0,15.11.2019,0,0,1,0,0,0,0,0,0,0,0,0,0,0,0
2022-09-02,Canada,protest,0,9.02.2022,0,0,1,1,0,0,0,0,0,0,0,0,0,1,0
2021-06-27,Nederland,explosie,0,27.06.2021,1,0,0,1,0,0,0,0,0,0,0,0,0,0,0
2022-02-08,Verenigde staten,epidemie,0,2.08.2022,0,0,1,0,0,0,0,0,0,0,0,0,0,1,0
2022-08-08,Oekraïne,nucleaire ramp,1,8.08.2022,0,1,0,0,0,0,0,0,0,0,0,0,0,0,0
2020-05-19,Nederland,bosbrand,0,19.05.2020,1,0,0,0,0,0,0,0,0,0,0,0,0,0,0
2021-05-31,Ethiopië,humanitaire ramp,0,31.05.2021,0,0,1,0,0,0,0,0,0,0,0,0,1,0,0
2020-12-06,Peru,quarantaine,6000,12.06.2020,0,0,1,0,0,0,0,0,0,0,0,0,0,1,0
2021-12-31,Amerikaanse staat colorado,natuurbranden,6,31.12.2021,0,0,1,0,0,0,0,0,0,0,0,0,0,0,0
2020-02-15,Nederland,oorlog,3,15.02.2020,1,0,0,1,0,0,0,0,0,0,0,0,0,0,0
2021-07-28,Italië,"overstromingen, aardverschuivingen",0,28.07.2021,0,1,0,0,0,0,0,0,0,0,0,0,0,0,0
2021-11-23,Afghanistan,,0,23.11.2021,0,0,1,0,0,0,0,0,0,0,0,0,0,0,1
2021-12-19,Filipijnen,tyfoon,33,19.12.2021,0,0,1,0,0,0,0,0,0,0,0,0,0,0,1
2019-08-21,Brazilië,bosbrand,0,21.08.2019,0,0,1,0,0,0,0,0,0,0,0,0,0,1,0
2019-08-18,Spanje,bosbrand,0,18.08.2019,0,1,0,0,0,0,0,0,0,0,0,0,0,0,0
2021-09-08,Albanië,bosbranden,0,9.08.2021,0,1,0,0,0,0,0,0,0,0,0,0,0,0,0
2021-09-08,Verenigde staten,bosbrand,0,9.08.2021,0,0,1,0,0,0,0,0,0,0,0,0,0,1,0
2022-01-01,Verenigde staten,bosbrand,0,1.01.2022,0,0,1,0,0,0,0,0,0,0,0,0,0,1,0
2021-05-08,Verenigde staten,bosbrand,0,5.08.2021,0,0,1,0,0,0,0,0,0,0,0,0,0,1,0
2019-04-05,Bangladesh,cycloon,21,4.05.2019,0,0,1,0,0,0,0,0,0,0,0,0,0,0,1
2021-01-05,India,coronagolf,0,1.05.2021,0,0,1,0,0,0,0,0,0,0,0,0,0,0,1
2019-06-06,China,epidemie,1.2,6.06.2019,0,0,1,0,0,0,0,0,0,0,0,0,0,0,1
2020-11-13,Filipijnen,overstroming,11,13.11.2020,0,0,1,0,0,0,0,0,0,0,0,0,0,0,1
2019-10-21,Verenigde staten,bosbrand,0,21.10.2019,0,0,1,0,0,0,0,0,0,0,0,0,0,1,0
2020-10-09,Verenigde staten,bosbranden,11,10.09.2020,0,0,1,0,0,0,0,0,0,0,0,0,0,1,0
2022-07-19,Frankrijk,bosbrand,0,19.07.2022,0,1,0,0,0,0,0,0,0,0,0,0,0,0,0
2022-03-19,Verenigde staten,bosbranden,1,19.03.2022,0,0,1,0,0,0,0,0,0,0,0,0,0,1,0
2020-03-11,Portugal,noodtoestand,2544,3.11.2020,0,1,0,0,0,0,0,0,0,0,0,0,0,0,0
2021-07-02,Somalië,politieke crisis,0,7.02.2021,0,0,1,0,0,0,0,0,0,0,0,0,1,0,0
2020-04-09,Japan,schipbreuk,1,4.09.2020,0,0,1,0,0,0,0,0,0,0,0,0,0,0,1
2022-08-02,Hoorn afrika,droogte,0,8.02.2022,0,0,1,0,0,0,0,0,0,0,0,0,0,0,0
2022-12-07,Italië,droogte,0,12.07.2022,0,1,0,0,0,0,0,0,0,0,0,0,0,0,0
2019-11-05,Nederland,,0,11.05.2019,1,0,0,0,0,0,0,0,0,0,0,0,0,0,0
2022-09-16,Nederland,,0,16.09.2022,1,0,0,0,0,0,0,0,0,0,0,0,0,0,0
2019-07-26,Libië,scheepsramp,62,26.07.2019,0,0,1,0,0,0,0,0,0,0,0,0,1,0,0
2019-09-10,Ecuador,protesten + demonstraties,0,9.10.2019,0,0,1,0,0,0,0,0,0,0,0,0,0,1,0
2022-10-24,Oekraïne,oorlog,680,24.10.2022,0,1,0,1,0,0,0,0,0,0,0,0,0,0,0
2020-08-27,Australië,bosbranden,0,27.08.2020,0,0,1,0,0,0,0,0,0,0,0,1,0,0,0
2022-04-06,Mexico,droogte,0,4.06.2022,0,0,1,0,0,0,0,0,0,0,0,0,0,1,0
2022-10-31,Nederland,brand,0,31.10.2022,1,0,0,1,0,0,0,0,0,0,0,0,0,0,0
2021-05-18,India,orkaan,27,18.05.2021,0,0,1,0,0,0,0,0,0,0,0,0,0,0,1
2020-05-07,Japan,overstromingen,34,5.07.2020,0,0,1,0,0,0,0,0,0,0,0,0,0,0,1
2022-09-13,Frankrijk,bosbrand,0,13.09.2022,0,1,0,0,0,0,0,0,0,0,0,0,0,0,0
2022-10-17,Nigeria,overstromingen,603,17.10.2022,0,0,1,0,0,0,0,0,0,0,0,0,1,0,0
2022-12-07,Nederland,explosie,0,12.07.2022,1,0,0,1,0,0,0,0,0,0,0,0,0,0,0
2022-03-07,Italië,droogtecrisis,0,3.07.2022,0,1,0,0,0,0,0,0,0,0,0,0,0,0,0
2022-07-18,Frankrijk,bosbranden,0,18.07.2022,0,1,0,0,0,0,0,0,0,0,0,0,0,0,0
2022-06-23,Rusland,,,23.06.2022,0,0,1,0,0,0,0,0,0,0,0,0,0,0,1
2021-04-21,Nederland,brand,0,21.04.2021,1,0,0,1,0,0,0,0,0,0,0,0,0,0,0
2022-07-24,Frankrijk,bosbrand,0,24.07.2022,0,1,0,0,0,0,0,0,0,0,0,0,0,0,0
2022-03-28,Oekraïne,belegering,0,28.03.2022,0,1,0,0,0,0,0,0,0,0,0,0,0,0,0
2021-06-23,Ethiopië,luchtaanval,80,23.06.2021,0,0,1,1,0,0,0,0,0,0,0,0,1,0,0
2021-02-23,Verenigde staten,onderkoeling door extreem winterweer,1,23.02.2021,0,0,1,0,0,0,0,0,0,0,0,0,0,1,0
2021-02-08,Italië,bosbrand,0,2.08.2021,0,1,0,0,0,0,0,0,0,0,0,0,0,0,0
2022-06-12,Oekraïne,oorlog,6702,6.12.2022,0,1,0,1,0,0,0,0,0,0,0,0,0,0,0
2021-08-31,Amerikaanse staat californië,bosbrand,0,31.08.2021,0,0,1,0,0,0,0,0,0,0,0,0,0,0,0
2022-04-03,Oekraïne,aanval op kerncentrale,0,4.03.2022,0,1,0,0,0,0,0,0,0,0,0,0,0,0,0
2019-11-07,Griekenland,noodweer,7,11.07.2019,0,1,0,0,0,0,0,0,0,0,0,0,0,0,0
2022-06-19,Spanje,hittegolf,2,19.06.2022,0,1,0,0,0,0,0,0,0,0,0,0,0,0,0
2020-03-06,India,tropische cycloon,0,3.06.2020,0,0,1,0,0,0,0,0,0,0,0,0,0,0,1
2022-08-24,Nederland,bosbrand,0,24.08.2022,1,0,0,0,0,0,0,0,0,0,0,0,0,0,0
2020-04-01,Australie,bosbrand,17,4.01.2020,0,0,1,0,0,0,0,0,0,0,0,0,0,0,0
2022-07-03,Oekraïne,evacuatie,0,7.03.2022,0,1,0,0,0,0,0,0,0,0,0,0,0,0,0
2022-12-08,Frankrijk,bosbrand,0,12.08.2022,0,1,0,0,0,0,0,0,0,0,0,0,0,0,0
2022-04-21,Oekraïne,,0,21.04.2022,0,1,0,0,0,0,0,0,0,0,0,0,0,0,0
2019-10-10,Japan,tyfoon,0,10.10.2019,0,0,1,0,0,0,0,0,0,0,0,0,0,0,1
2022-05-29,Brazilië,overstroming,84,29.05.2022,0,0,1,0,0,0,0,0,0,0,0,0,0,1,0
2019-12-26,Filipijnen,tyfoon,20,26.12.2019,0,0,1,0,0,0,0,0,0,0,0,0,0,0,1
2021-05-04,Indonesië,cycloon,97,5.04.2021,0,0,1,0,0,0,0,0,1,0,0,0,0,0,0
2022-01-25,Myanmar,geweld tegen hulpverleners,2,25.01.2022,0,0,1,0,0,0,0,0,0,0,0,0,0,0,1
,Israël,oorlog,,17.05.2021,0,0,1,1,0,0,0,0,0,0,0,0,0,0,1
2020-04-08,Verenigde staten,orkaan,3,4.08.2020,0,0,1,0,0,0,0,0,0,0,0,0,0,1,0
2021-03-21,Jemen,oorlog,8,21.03.2021,0,0,1,1,0,0,0,0,0,0,0,0,0,0,1
2021-02-22,Verenigde staten,,0,22.02.2021,0,0,1,0,0,0,0,0,0,0,0,0,0,1,0
2020-07-09,Zuid-korea,tyfoon,32,7.09.2020,0,0,1,0,0,0,0,0,0,0,0,0,0,0,1
2019-01-07,Venezuela,energiecrisis,15,1.07.2019,0,0,1,0,0,0,0,0,0,0,0,0,0,0,0
2019-04-20,Nederland,bosbrand,0,20.04.2019,1,0,0,0,0,0,0,0,0,0,0,0,0,0,0
2022-07-26,Duitsland,bosbrand,0,26.07.2022,0,1,0,0,0,0,0,1,0,0,0,0,0,0,0
2021-07-28,Italië,noodweer,0,28.07.2021,0,1,0,0,0,0,0,0,0,0,0,0,0,0,0
2021-01-08,Griekenland,bosbranden,5,1.08.2021,0,1,0,0,0,0,0,0,0,0,0,0,0,0,0
2021-08-18,Frankrijk,natuurbrand,0,18.08.2021,0,1,0,0,0,0,0,0,0,0,0,0,0,0,0
2020-03-08,Zuid-korea,overstroming,5,3.08.2020,0,0,1,0,0,0,0,0,0,0,0,0,0,0,1
2019-05-13,Nederland,,0,13.05.2019,1,0,0,0,0,0,0,0,0,0,0,0,0,0,0
2022-05-04,Oekraïne,,0,5.04.2022,0,1,0,0,0,0,0,0,0,0,0,0,0,0,0
2021-11-21,Canada,overstromingen en grondverschuivingen,3,21.11.2021,0,0,1,0,0,0,0,0,0,0,0,0,0,1,0
2020-02-07,Libanon,,0,2.07.2020,0,0,1,0,0,0,0,0,0,0,0,0,0,0,1
2021-08-08,Rusland,branden,0,8.08.2021,0,0,1,0,0,0,0,0,0,0,0,0,0,0,1
2021-10-25,Oost-europa,covid-ramp,0,25.10.2021,0,0,1,0,0,0,0,0,0,0,0,0,0,0,0
2021-07-01,Japan,noodtoestand,0,7.01.2021,0,0,1,0,0,0,0,0,0,0,0,0,0,0,1
2022-07-08,Oekraïne,beschietingen,0,7.08.2022,0,1,0,1,0,0,0,0,0,0,0,0,0,0,0
2021-05-04,Indonesië,cycloon,100,5.04.2021,0,0,1,0,0,0,0,0,1,0,0,0,0,0,0
2021-11-18,Canada,overstromingen,1,18.11.2021,0,0,1,0,0,0,0,0,0,0,0,0,0,1,0
2021-08-07,Japan,noodtoestand,0,8.07.2021,0,0,1,0,0,0,0,0,0,0,0,0,0,0,1
2022-05-07,Italië,droogte,0,5.07.2022,0,1,0,0,0,0,0,0,0,0,0,0,0,0,0
2020-11-10,Azerbeidzjan,schietincident,7,11.10.2020,0,1,0,1,0,0,0,0,0,0,0,0,0,0,1
2019-10-14,Japan,tyfoon,56,14.10.2019,0,0,1,0,0,0,0,0,0,0,0,0,0,0,1
2020-07-09,Verenigde staten,natuurbranden,8,7.09.2020,0,0,1,0,0,0,0,0,0,0,0,0,0,1,0
2020-07-09,Verenigde staten,natuurbranden,12,7.09.2020,0,0,1,0,0,0,0,0,0,0,0,0,0,1,0
2021-12-13,Verenigde staten,tornado,100,13.12.2021,0,0,1,0,0,0,0,0,0,0,0,0,0,1,0
2020-05-31,Nederland,bosbrand,0,31.05.2020,1,0,0,0,0,0,0,0,0,0,0,0,0,0,0
2022-09-26,Syrië,oorlog,0,26.09.2022,0,0,1,1,0,0,0,0,0,0,0,0,0,0,1
2019-09-09,Japan,tyfoon,1,9.09.2019,0,0,1,0,0,0,0,0,0,0,0,0,0,0,1
2022-09-29,"Florida, verenigde staten",orkaan,0,29.09.2022,0,0,1,0,0,0,0,0,0,0,0,0,0,0,0
2022-08-24,Ethiopië,oorlog,0,24.08.2022,0,0,1,1,0,0,0,0,0,0,0,0,1,0,0
2019-10-24,Chili,gewelddadige demonstraties,0,24.10.2019,0,0,1,0,0,0,0,0,0,0,0,0,0,1,0
2020-08-16,Frankrijk,bosbrand,0,16.08.2020,0,1,0,0,0,0,0,0,0,0,0,0,0,0,0
2022-11-06,Oekraïne,oorlog,0,11.06.2022,0,1,0,1,0,0,0,0,0,0,0,0,0,0,0
2022-08-29,Oekraïne,oorlog,0,29.08.2022,0,1,0,1,0,0,0,0,0,0,0,0,0,0,0
2021-06-26,Verenigde staten,instorting,4,26.06.2021,0,0,1,0,0,0,0,0,0,0,0,0,0,1,0
2021-07-22,Verenigde staten,bosbrand,1,22.07.2021,0,0,1,0,0,0,0,0,0,0,0,0,0,1,0
2022-05-01,Kazachstan,,318,5.01.2022,0,0,1,0,0,0,0,0,0,0,0,0,0,0,1
2021-09-07,Haïti,moord,1,9.07.2021,0,0,1,0,0,0,0,0,0,0,0,0,0,1,0
2020-11-01,Puerto rico,aardbeving,1,11.01.2020,0,0,1,0,0,0,0,0,0,0,0,0,0,1,0
2021-11-08,Italië,brand,10,11.08.2021,0,1,0,1,0,0,0,0,0,0,0,0,0,0,0
2022-07-26,Frankrijk,bosbrand,0,26.07.2022,0,1,0,0,0,0,0,0,0,0,0,0,0,0,0
2022-12-23,Verenigde staten,winterstorm,0,23.12.2022,0,0,1,0,0,0,0,0,0,0,0,0,0,1,0
2022-07-17,Frankrijk,bosbrand,0,17.07.2022,0,1,0,0,0,0,0,0,0,0,0,0,0,0,0
2022-01-01,Noord-korea,,0,1.01.2022,0,0,1,0,0,0,0,0,0,0,0,0,0,0,1
2022-07-17,Spanje,hittegolf,360,17.07.2022,0,1,0,0,0,0,0,0,0,0,0,0,0,0,0
2020-07-09,Japan,tyfoon,2,7.09.2020,0,0,1,0,0,0,0,0,0,0,0,0,0,0,1
2021-01-16,Brazilië,gezondheidscrisis,,16.01.2021,0,0,1,0,0,0,0,0,0,0,0,0,0,1,0
2020-08-09,Verenigde staten,natuurbrand,8,8.09.2020,0,0,1,0,0,0,0,0,0,0,0,0,0,1,0
2020-08-19,Verenigde staten,natuurbranden,0,19.08.2020,0,0,1,0,0,0,0,0,0,0,0,0,0,1,0
2021-03-21,Jemen,oorlog,8,21.03.2021,0,0,1,1,0,0,0,0,0,0,0,0,0,0,1
2022-12-07,Portugal,bosbranden,0,12.07.2022,0,1,0,0,0,0,0,0,0,0,0,0,0,0,0
2022-12-04,Oekraïne,gifgas aanval,,12.04.2022,0,1,0,0,0,0,0,0,0,0,0,0,0,0,0
2020-04-21,Nederland,natuurbrand,0,21.04.2020,1,0,0,0,0,0,0,0,0,0,0,0,0,0,0
2022-04-24,Oekraïne,,6,24.04.2022,0,1,0,0,0,0,0,0,0,0,0,0,0,0,0
2022-09-24,Oekraïne,oorlog,0,24.09.2022,0,1,0,1,0,0,0,0,0,0,0,0,0,0,0
2022-09-14,Frankrijk,bosbrand,0,14.09.2022,0,1,0,0,0,0,0,0,0,0,0,0,0,0,0
2020-05-26,Latijns-amerika,coronapandemie,0,26.05.2020,0,0,1,0,0,0,0,0,0,0,0,0,0,0,0
2022-12-27,Servië,treinramp,15,27.12.2022,0,1,0,0,0,0,0,0,0,0,0,0,0,0,0
2022-10-07,Italië,droogte,0,10.07.2022,0,1,0,0,0,0,0,0,0,0,0,0,0,0,0
2021-12-31,Verenigde staten,natuurbrand,0,31.12.2021,0,0,1,0,0,0,0,0,0,0,0,0,0,1,0
2021-02-21,Nederland,coronapiek,0,21.02.2021,1,0,0,0,0,0,0,0,0,0,0,0,0,0,0
2022-07-03,Nederland,oorlog,0,7.03.2022,1,0,0,1,0,0,0,0,0,0,0,0,0,0,0
2019-06-18,Argentinië,gigastroomstoring,0,18.06.2019,0,0,1,0,0,0,0,0,0,0,0,0,0,1,0
2019-03-20,Afrika,cycloon,300,20.03.2019,0,0,1,0,0,0,0,0,0,0,0,0,0,0,0
2022-12-13,Peru,protesten,7,13.12.2022,0,0,1,0,0,0,0,0,0,0,0,0,0,1,0
2022-08-19,Portugal,natuurramp,0,19.08.2022,0,1,0,0,0,0,0,0,0,0,0,0,0,0,0
2021-07-20,Canada,bosbranden,0,20.07.2021,0,0,1,0,0,0,0,0,0,0,0,0,0,1,0
2022-01-31,Nederland,vluchtelingen,0,31.01.2022,1,0,0,0,0,0,0,0,0,0,0,0,0,0,0
2021-08-31,Verenigde staten,bosbrand,0,31.08.2021,0,0,1,0,0,0,0,0,0,0,0,0,0,1,0
2019-04-25,Verenigde staten,epidemie,0,25.04.2019,0,0,1,0,0,0,0,0,0,0,0,0,0,1,0
2022-01-22,Jemen,luchtaanvallen,70,22.01.2022,0,0,1,1,0,0,0,0,0,0,0,0,0,0,1
2021-07-27,Italië,bosbranden,0,27.07.2021,0,1,0,0,0,0,0,0,0,0,0,0,0,0,0
2021-03-21,Jemen,oorlog,8,21.03.2021,0,0,1,1,0,0,0,0,0,0,0,0,0,0,1
2019-12-19,Australië,bosbrand,0,19.12.2019,0,0,1,0,0,0,0,0,0,0,0,1,0,0,0
2022-09-18,Japan,tyfoon,0,18.09.2022,0,0,1,0,0,0,0,0,0,0,0,0,0,0,1
2022-04-09,Oekraïne,beschietingen,0,4.09.2022,0,1,0,1,0,0,0,0,0,0,0,0,0,0,0
2019-07-09,Bahama's,orkaan,,7.09.2019,0,0,1,0,0,0,0,0,0,0,0,0,0,1,0
2022-03-19,Oekraïne,oorlog,,19.03.2022,0,1,0,1,0,0,0,0,0,0,0,0,0,0,0
2021-06-19,Verenigde staten,extreme weersomstandigheden,0,19.06.2021,0,0,1,0,0,0,0,0,0,0,0,0,0,1,0
2021-08-21,Verenigde staten,orkaan,8,21.08.2021,0,0,1,0,0,0,0,0,0,0,0,0,0,1,0
2022-05-04,Sri lanka,,0,5.04.2022,0,0,1,0,0,0,0,0,0,0,0,0,0,0,1
2021-12-16,Verenigde staten,tornado-uitbarsting,0,16.12.2021,0,0,1,0,0,0,0,0,0,0,0,0,0,1,0
2020-01-06,Nederland,bosbrand,0,1.06.2020,1,0,0,0,0,0,0,0,0,0,0,0,0,0,0
2022-03-07,Europa,pandemie,0,3.07.2022,0,1,0,0,0,0,0,0,0,0,0,0,0,0,0
2020-08-09,Californië,natuurbranden,,8.09.2020,0,0,1,0,0,0,0,0,0,0,0,0,0,0,0
2020-04-22,Nederland,bosbrand,0,22.04.2020,1,0,0,0,0,0,0,0,0,0,0,0,0,0,0
2020-09-15,Verenigde staten,orkaan,0,15.09.2020,0,0,1,0,0,0,0,0,0,0,0,0,0,1,0
2019-10-19,Chili,protesten en ongeregeldheden,0,19.10.2019,0,0,1,0,0,0,0,0,0,0,0,0,0,1,0
2022-05-31,Brazilië,"overstromingen, aardverschuivingen",100,31.05.2022,0,0,1,0,0,0,0,0,0,0,0,0,0,1,0
2020-09-20,World,bosbranden,0,20.09.2020,0,0,1,0,0,0,0,0,0,0,0,0,0,0,0
2022-10-06,Oekraïne,oorlog,0,10.06.2022,0,1,0,1,0,0,0,0,0,0,0,0,0,0,0
2020-09-15,Griekenland,brand,0,15.09.2020,0,1,0,1,0,0,0,0,0,0,0,0,0,0,0
2022-05-01,Kazachstan,protesten,0,5.01.2022,0,0,1,0,0,0,0,0,0,0,0,0,0,0,1
2022-09-02,Ethiopië,oorlog,0,9.02.2022,0,0,1,1,0,0,0,0,0,0,0,0,1,0,0
2019-07-18,Democratische republiek congo,epidemie,1600,18.07.2019,0,0,1,0,0,0,0,0,0,0,0,0,1,0,0
2019-09-17,Venezuela,,0,17.09.2019,0,0,1,0,0,0,0,0,0,0,0,0,0,0,0
2021-08-08,Albanië,bosbrand,0,8.08.2021,0,1,0,0,0,0,0,0,0,0,0,0,0,0,0
2021-07-07,Japan,,0,7.07.2021,0,0,1,0,0,0,0,0,0,0,0,0,0,0,1
2020-03-20,Spanje,epidemie,0,20.03.2020,0,1,0,0,0,0,0,0,0,0,0,0,0,0,0
2022-08-31,Pakistan,overstromingen,1162,31.08.2022,0,0,1,0,0,0,0,0,0,0,0,0,0,0,1
2020-08-24,Frankrijk,brand,0,24.08.2020,0,1,0,1,0,0,0,0,0,0,0,0,0,0,0
2022-11-08,Frankrijk,bosbrand,0,11.08.2022,0,1,0,0,0,0,0,0,0,0,0,0,0,0,0
2019-12-18,Australie,bosbranden,0,18.12.2019,0,0,1,0,0,0,0,0,0,0,0,0,0,0,0
2022-12-26,Oekraïne,oorlog,0,26.12.2022,0,1,0,1,0,0,0,0,0,0,0,0,0,0,0
2021-08-16,Haïti,aardbeving,1297,16.08.2021,0,0,1,0,0,0,0,0,0,0,0,0,0,1,0
2020-02-05,Frankrijk,,0,2.05.2020,0,1,0,0,0,0,0,0,0,0,0,0,0,0,0
2019-05-09,Bahama's,orkaan,7,5.09.2019,0,0,1,0,0,0,0,0,0,0,0,0,0,1,0
2020-10-06,Japan,coronavirus,916,10.06.2020,0,0,1,0,0,0,0,0,0,0,0,0,0,0,1
2022-11-20,Verenigde staten,sneeuwstorm,2,20.11.2022,0,0,1,0,0,0,0,0,0,0,0,0,0,1,0
2022-07-09,Oekraïne,beschietingen,0,7.09.2022,0,1,0,1,0,0,0,0,0,0,0,0,0,0,0
2020-01-11,Filipijnen,tyfoon,0,1.11.2020,0,0,1,0,0,0,0,0,0,0,0,0,0,0,1
2021-05-03,Japan,noodtoestand,0,5.03.2021,0,0,1,0,0,0,0,0,0,0,0,0,0,0,1
2022-06-01,Kazachstan,schietincident,9,6.01.2022,0,0,1,1,0,0,0,0,0,0,0,0,0,0,1
2020-02-11,Filipijnen,tyfoon,16,2.11.2020,0,0,1,0,0,0,0,0,0,0,0,0,0,0,1
2019-11-06,Verenigde staten,,0,11.06.2019,0,0,1,0,0,0,0,0,0,0,0,0,0,1,0
2022-07-09,Verenigde staten,bosbrand,2,7.09.2022,0,0,1,0,0,0,0,0,0,0,0,0,0,1,0
2021-03-11,Jemen,olie-ramp,0,3.11.2021,0,0,1,0,0,0,0,0,0,0,0,0,0,0,1
2019-04-29,Mozambique,orkaan,38,29.04.2019,0,0,1,0,0,0,0,0,0,0,0,0,1,0,0
2019-09-16,Indonesië en maleisië,ecologische ramp,0,16.09.2019,0,0,1,0,0,0,0,0,0,0,0,0,0,0,0
2019-03-16,Zimbabwe,tropische wervelstorm,31,16.03.2019,0,0,1,0,0,0,0,0,0,0,0,0,1,0,0
2022-08-13,Frankrijk,bosbrand,3,13.08.2022,0,1,0,0,0,0,0,0,0,0,0,0,0,0,0
2021-08-18,Verenigde staten,bosbrand,2,18.08.2021,0,0,1,0,0,0,0,0,0,0,0,0,0,1,0
2021-09-09,Noord-korea,,0,9.09.2021,0,0,1,0,0,0,0,0,0,0,0,0,0,0,1
2022-01-14,Kazachstan,protest + demonstratie,0,14.01.2022,0,0,1,0,0,0,0,0,0,0,0,0,0,0,1
2022-11-03,Ethiopië,,0,11.03.2022,0,0,1,0,0,0,0,0,0,0,0,0,1,0,0
2022-08-18,Ethiopië,humanitaire crisis,0,18.08.2022,0,0,1,0,0,0,0,0,0,0,0,0,1,0,0
2022-05-08,Verenigde staten,uitbraak,0,5.08.2022,0,0,1,0,0,0,0,0,0,0,0,0,0,1,0
2019-05-28,Verenigde staten,tornado,1,28.05.2019,0,0,1,0,0,0,0,0,0,0,0,0,0,1,0
2021-12-31,Filipijnen,tyfoon,405,31.12.2021,0,0,1,0,0,0,0,0,0,0,0,0,0,0,1
2022-04-06,Mexico,watertekort,0,4.06.2022,0,0,1,0,0,0,0,0,0,0,0,0,0,1,0
2021-06-28,Zuid-korea,,0,28.06.2021,0,0,1,0,0,0,0,0,0,0,0,0,0,0,1
2021-07-19,Madagaskar,,0,19.07.2021,0,0,1,0,0,0,0,0,0,0,0,0,1,0,0
2021-06-06,Jemen,,21,6.06.2021,0,0,1,0,0,0,0,0,0,0,0,0,0,0,1
2021-05-27,Japan,,0,27.05.2021,0,0,1,0,0,0,0,0,0,0,0,0,0,0,1
2021-03-21,Australie,overstroming,0,21.03.2021,0,0,1,0,0,0,0,0,0,0,0,0,0,0,0
2020-08-18,Verenigde staten,natuurbranden,0,18.08.2020,0,0,1,0,0,0,0,0,0,0,0,0,0,1,0
2022-08-31,Irak,gewelddadige protesten,23,31.08.2022,0,0,1,0,0,0,0,0,0,0,0,0,0,0,1
2021-02-11,Ethiopië,oorlog,,2.11.2021,0,0,1,1,0,0,0,0,0,0,0,0,1,0,0
2022-10-20,Oekraïne,luchtaanvallen,70,20.10.2022,0,1,0,1,0,0,0,0,0,0,0,0,0,0,0
2022-09-18,Japan,tyfoon,15,18.09.2022,0,0,1,0,0,0,0,0,0,0,0,0,0,0,1
2019-12-11,Australie,bosbranden,3,12.11.2019,0,0,1,0,0,0,0,0,0,0,0,0,0,0,0
2022-01-09,Oekraïne,oorlog,0,1.09.2022,0,1,0,1,0,0,0,0,0,0,0,0,0,0,0
2022-07-30,Kroatië,brand,0,30.07.2022,0,1,0,1,0,0,0,0,0,0,0,0,0,0,0
2022-11-26,China,flatbrand,10,26.11.2022,0,0,1,0,0,0,0,0,0,0,0,0,0,0,1
2022-12-25,Afghanistan,,0,25.12.2022,0,0,1,0,0,0,0,0,0,0,0,0,0,0,1
2022-09-26,Filipijnen,tyfoon,5,26.09.2022,0,0,1,0,0,0,0,0,0,0,0,0,0,0,1
2022-12-07,Verenigde staten,bosbrand,0,12.07.2022,0,0,1,0,0,0,0,0,0,0,0,0,0,1,0
2020-05-08,Libanon,explosie,78,5.08.2020,0,0,1,1,0,0,0,0,0,0,0,0,0,0,1
2022-05-03,Oekraïne,oorlog,0,5.03.2022,0,1,0,1,0,0,0,0,0,0,0,0,0,0,0
2020-09-20,Nederland,bosbrand,0,20.09.2020,1,0,0,0,0,0,0,0,0,0,0,0,0,0,0
2022-07-25,Spanje,natuurbranden,0,25.07.2022,0,1,0,0,0,0,0,0,0,0,0,0,0,0,0
2019-04-22,Nederland,natuurbrand,0,22.04.2019,1,0,0,0,0,0,0,0,0,0,0,0,0,0,0
2021-02-05,India,,412,2.05.2021,0,0,1,0,0,0,0,0,0,0,0,0,0,0,1
2022-07-17,Diversen,hittegolf,0,17.07.2022,0,0,1,0,0,0,0,0,0,0,0,0,0,0,0
2022-12-04,Afrika,oorlog,0,12.04.2022,0,0,1,1,0,0,0,0,0,0,0,0,0,0,0
2022-11-28,Italië,aardverschuivingen,7,28.11.2022,0,1,0,0,0,0,0,0,0,0,0,0,0,0,0
2019-01-07,Verenigde staten,,0,1.07.2019,0,0,1,0,0,0,0,0,0,0,0,0,0,1,0
2022-08-13,Nederland,brand,0,13.08.2022,1,0,0,1,0,0,0,0,0,0,0,0,0,0,0
2021-07-25,Italië,bosbrand,0,25.07.2021,0,1,0,0,0,0,0,0,0,0,0,0,0,0,0
2021-07-24,China,noodweer,51,24.07.2021,0,0,1,0,0,0,0,0,0,0,0,0,0,0,1
2021-08-24,Griekenland,bosbrand,0,24.08.2021,0,1,0,0,0,0,0,0,0,0,0,0,0,0,0
2021-03-05,Australië,brand,33,3.05.2021,0,0,1,1,0,0,0,0,0,0,0,1,0,0,0
2020-05-20,Nederland,bosbrand,0,20.05.2020,1,0,0,0,0,0,0,0,0,0,0,0,0,0,0
2019-01-07,Venezuela,stroomstoring,0,1.07.2019,0,0,1,0,0,0,0,0,0,0,0,0,0,0,0
2022-12-08,Nederland,natuurbrand,0,12.08.2022,1,0,0,0,0,0,0,0,0,0,0,0,0,0,0
2020-03-20,Noord-korea,coronavirus,0,20.03.2020,0,0,1,0,0,0,0,0,0,0,0,0,0,0,1
2021-08-07,Nederland,covid-19,0,8.07.2021,1,0,0,0,0,0,0,0,0,0,0,0,0,0,0
2022-03-28,Nederland,bosbrand,0,28.03.2022,1,0,0,0,0,0,0,0,0,0,0,0,0,0,0
2021-01-03,Tsjechië,noodtoestand,0,1.03.2021,0,1,0,0,0,0,0,0,0,0,0,0,0,0,0
2020-04-20,Italië,covid-19,0,20.04.2020,0,1,0,0,0,0,0,0,0,0,0,0,0,0,0
2022-11-28,Italië,aardverschuiving,8,28.11.2022,0,1,0,0,0,0,0,0,0,0,0,0,0,0,0
2020-05-17,Bangladesh,covid-19,0,17.05.2020,0,0,1,0,0,0,0,0,0,0,0,0,0,0,1
2020-05-27,India,cycloon,84,27.05.2020,0,0,1,0,0,0,0,0,0,0,0,0,0,0,1
2020-02-06,Nederland,bosbrand,0,2.06.2020,1,0,0,0,0,0,0,0,0,0,0,0,0,0,0
2022-01-07,Noord-korea,coviduitbraak,73,01.07.2022,0,0,1,0,0,0,0,0,0,0,0,0,0,0,1
2019-04-18,Nederland,brand,0,18.04.2019,1,0,0,1,0,0,0,0,0,0,0,0,0,0,0
2019-04-04,Mozambique,overstroming,0,4.04.2019,0,0,1,0,0,0,0,0,0,0,0,0,1,0,0
2019-10-13,Japan,orkaan,11,13.10.2019,0,0,1,0,0,0,0,0,0,0,0,0,0,0,1
2022-09-27,Verenigde staten,orkaan,0,27.09.2022,0,0,1,0,0,0,0,0,0,0,0,0,0,1,0
2022-04-21,Nederland,brandstichting,0,21.04.2022,1,0,0,0,0,0,0,0,0,0,0,0,0,0,0
2019-03-18,"Mozambique, malawi, zimbabwe",orkaan,150,18.03.2019,0,0,1,0,0,0,0,0,0,0,0,0,0,0,0
2022-07-16,Frankrijk,bosbrand,0.0,19.07.2022,0,1,0,0,0,0,0,0,0,0,0,0,0,0,0
2021-08-22,Verenigde staten,overstroming,22,22.08.2021,0,0,1,0,0,0,0,0,0,0,0,0,0,1,0
2020-08-15,Libanon,explosie,200,15.08.2020,0,0,1,1,0,0,0,0,0,0,0,0,0,0,1
2019-06-25,Nederland,bosbrand,0,25.06.2019,1,0,0,0,0,0,0,0,0,0,0,0,0,0,0
2022-05-09,Nederland,natuurbranden,0,5.09.2022,1,0,0,0,0,0,0,0,0,0,0,0,0,0,0
2020-06-08,Frankrijk,bosbrand,0,6.08.2020,0,1,0,0,0,0,0,0,0,0,0,0,0,0,0
2022-10-09,Verenigde staten,bosbrand,2,10.09.2022,0,0,1,0,0,0,0,0,0,0,0,0,0,1,0
2022-06-25,Kenia,,0,25.06.2022,0,0,1,0,0,0,0,0,0,0,0,0,1,0,0
2022-02-20,Ierland,,0,20.02.2022,0,1,0,0,0,0,0,0,0,0,0,0,0,0,0
2022-12-03,Oekraïne,,0,12.03.2022,0,1,0,0,0,0,0,0,0,0,0,0,0,0,0
2020-04-27,Nederland,brand,0,27.04.2020,1,0,0,1,0,0,0,0,0,0,0,0,0,0,0
2020-02-01,Australië,bosbranden,17,2.01.2020,0,0,1,0,0,0,0,0,0,0,0,1,0,0,0
2022-12-23,Oekraïne,,350,23.12.2022,0,1,0,0,0,0,0,0,0,0,0,0,0,0,0
2021-05-17,India,cycloon,16,17.05.2021,0,0,1,0,0,0,0,0,0,0,0,0,0,0,1
2021-08-16,Haïti,aardbeving,1297,16.08.2021,0,0,1,0,0,0,0,0,0,0,0,0,0,1,0
2021-07-06,Japan,,0,7.06.2021,0,0,1,0,0,0,0,0,0,0,0,0,0,0,1
2022-06-02,Madagaskar,cycloon,0,6.02.2022,0,0,1,0,0,0,0,0,0,0,0,0,1,0,0
2022-09-26,Filipijnen,tyfoon,5,26.09.2022,0,0,1,0,0,0,0,0,0,0,0,0,0,0,1
2019-11-08,China,tyfoon,32,11.08.2019,0,0,1,0,0,0,0,0,0,0,0,0,0,0,1
2022-09-18,Japan,tyfoon,0,18.09.2022,0,0,1,0,0,0,0,0,0,0,0,0,0,0,1
2021-03-21,Jemen,oorlog,8,21.03.2021,0,0,1,1,0,0,0,0,0,0,0,0,0,0,1
2022-02-14,Italië,coronavirus,0,14.02.2022,0,1,0,0,0,0,0,0,0,0,0,0,0,0,0
2022-08-14,Oekraïne,beschieting,0,14.08.2022,0,1,0,0,0,0,0,0,0,0,0,0,0,0,0
2020-10-03,Nederland,excuses koning,0,10.03.2020,1,0,0,0,0,0,0,0,0,0,0,0,0,0,0
2021-05-08,Griekenland,natuurbranden,100,05.08.2021,0,1,0,0,0,0,0,0,0,0,0,0,0,0,0
2020-03-11,Filipijnen,tyfoon,7,3.11.2020,0,0,1,0,0,0,0,0,0,0,0,0,0,0,1
2019-09-10,Amerika,bosbrand,0,9.10.2019,0,0,1,0,0,0,0,0,0,0,0,0,0,0,0
2021-09-14,Spanje,bosbrand,1,14.09.2021,0,1,0,0,0,0,0,0,0,0,0,0,0,0,0
2021-06-04,Indonesië,tropische cycloon,128,6.04.2021,0,0,1,0,0,0,0,0,1,0,0,0,0,0,0
2020-02-04,India,coronavirus,32,2.04.2020,0,0,1,0,0,0,0,0,0,0,0,0,0,0,1
2022-06-15,Sri lanka,economische crisis,0,15.06.2022,0,0,1,1,0,0,0,0,0,0,0,0,0,0,1
2021-12-08,Nederland,windhoos,4,12.08.2021,1,0,0,0,0,0,0,0,0,0,0,0,0,0,0
2020-05-19,Nederland,bosbrand,0,19.05.2020,1,0,0,0,0,0,0,0,0,0,0,0,0,0,0
2020-08-19,Libanon,explosie,0,19.08.2020,0,0,1,1,0,0,0,0,0,0,0,0,0,0,1
2022-12-24,Verenigde staten,winterstorm,0,24.12.2022,0,0,1,0,0,0,0,0,0,0,0,0,0,1,0
2022-08-29,Oekraïne,,0,29.08.2022,0,1,0,0,0,0,0,0,0,0,0,0,0,0,0
2022-12-17,Peru,protesten,20,17.12.2022,0,0,1,0,0,0,0,0,0,0,0,0,0,1,0
2021-03-25,Jemen,oorlog,8,25.03.2021,0,0,1,1,0,0,0,0,0,0,0,0,0,0,1
2019-12-27,Filipijnen,tyfoon,28,27.12.2019,0,0,1,0,0,0,0,0,0,0,0,0,0,0,1
2022-05-05,Afghanistan,overstromingen,22,5.05.2022,0,0,1,0,0,0,0,0,0,0,0,0,0,0,1
2019-04-18,Italië,bosbrand,0,18.04.2019,0,1,0,0,0,0,0,0,0,0,0,0,0,0,0
2021-10-31,Soedan,schietincident,3,31.10.2021,0,0,1,1,0,0,0,0,0,0,0,0,1,0,0
2020-10-09,Verenigde staten,bosbrand,3,10.09.2020,0,0,1,0,0,0,0,0,0,0,0,0,0,1,0
2021-01-02,Nederland,protest,0,1.02.2021,1,0,0,1,0,0,0,0,0,0,0,0,0,0,0
2019-04-18,Nederland,bosbrand,0,18.04.2019,1,0,0,0,0,0,0,0,0,0,0,0,0,0,0
2021-09-08,Verenigde staten,bosbrand,0,9.08.2021,0,0,1,0,0,0,0,0,0,0,0,0,0,1,0
2020-10-26,"Diverse landen in europa (belgië, denemarken, duitsland, frankrijk, groot-brittannië, hongarije, italië, polen, portugal, spanje, tsjechië)",coronavirus,0,26.10.2020,0,0,1,0,0,0,0,0,0,0,0,0,0,0,0
2022-01-24,Afghanistan,,0,24.01.2022,0,0,1,0,0,0,0,0,0,0,0,0,0,0,1
2020-03-13,Verenigde staten,coronavirus uitbraak,41,13.03.2020,0,0,1,0,0,0,0,0,0,0,0,0,0,1,0
2022-12-08,Frankrijk,bosbranden,0,12.08.2022,0,1,0,0,0,0,0,0,0,0,0,0,0,0,0
2019-03-10,Ecuador,protest,0,3.10.2019,0,0,1,1,0,0,0,0,0,0,0,0,0,1,0
2022-08-23,Oekraïne,,0,23.08.2022,0,1,0,0,0,0,0,0,0,0,0,0,0,0,0
2022-01-03,Oekraïne,raketaanval,45,1.03.2022,0,1,0,1,0,0,0,0,0,0,0,0,0,0,0
2021-12-02,Jemen,oorlog,100000,12.02.2021,0,0,1,1,0,0,0,0,0,0,0,0,0,0,1
2022-02-24,Oekraïne,oorlog,0,24.02.2022,0,1,0,1,0,0,0,0,0,0,0,0,0,0,0
2022-08-25,Nederland,humanitaire crisis,1,25.08.2022,1,0,0,0,0,0,0,0,0,0,0,0,0,0,0
2020-07-09,Verenigde staten,natuurramp,8,7.09.2020,0,0,1,0,0,0,0,0,0,0,0,0,0,1,0
2022-09-07,Oekraïne,gewapend conflict,0,9.07.2022,0,1,0,0,0,0,0,0,0,0,0,0,0,0,0
2022-12-06,Verenigde staten,bosbrand,0,12.06.2022,0,0,1,0,0,0,0,0,0,0,0,0,0,1,0
2022-04-14,Oekraïne,oorlog,0,14.04.2022,0,1,0,1,0,0,0,0,0,0,0,0,0,0,0
2021-11-01,Nederland,,0,11.01.2021,1,0,0,0,0,0,0,0,0,0,0,0,0,0,0
2021-08-23,Verenigde staten,tropische storm,22,23.08.2021,0,0,1,0,0,0,0,0,0,0,0,0,0,1,0
2021-07-21,Canada,bosbranden,0,21.07.2021,0,0,1,0,0,0,0,0,0,0,0,0,0,1,0
2020-08-20,Verenigde staten,natuurbranden,0,20.08.2020,0,0,1,0,0,0,0,0,0,0,0,0,0,1,0
2022-07-20,Frankrijk,bosbrand,0,20.07.2022,0,1,0,0,0,0,0,0,0,0,0,0,0,0,0
2022-02-23,Verenigde staten,,0,23.02.2022,0,0,1,0,0,0,0,0,0,0,0,0,0,1,0
2021-11-08,Italië,bosbranden,0,11.08.2021,0,1,0,0,0,0,0,0,0,0,0,0,0,0,0
2022-08-07,Frankrijk,bosbrand,0,8.07.2022,0,1,0,0,0,0,0,0,0,0,0,0,0,0,0
2022-09-10,Verenigde staten,migrantenstroom,0,9.10.2022,0,0,1,0,0,0,0,0,0,0,0,0,0,1,0
2021-09-20,Spanje,vulkaanuitbarsting,0,20.09.2021,0,1,0,0,0,0,0,0,0,0,0,0,0,0,0
2022-02-01,Nederland,,0,2.01.2022,1,0,0,0,0,0,0,0,0,0,0,0,0,0,0
2020-05-08,Nederland,,0,5.08.2020,1,0,0,0,0,0,0,0,0,0,0,0,0,0,0
2022-08-30,Afghanistan,"humanitaire crisis, hongersnood, natuurrampen",0,30.08.2022,0,0,1,0,0,0,0,0,0,0,0,0,0,0,1
2022-08-30,Pakistan,overstromingen,0,30.08.2022,0,0,1,0,0,0,0,0,0,0,0,0,0,0,1
2020-05-17,Nederland,bosbrand,0,17.05.2020,1,0,0,0,0,0,0,0,0,0,0,0,0,0,0
2022-06-02,Madagaskar,cycloon,0,6.02.2022,0,0,1,0,0,0,0,0,0,0,0,0,1,0,0
2022-05-19,Afrika,droogte,0,19.05.2022,0,0,1,0,0,0,0,0,0,0,0,0,0,0,0
2019-04-23,Sri lanka,terrorisme,310,23.04.2019,0,0,1,1,0,0,0,0,0,0,0,0,0,0,1
2022-07-22,Oekraïne,,0,22.07.2022,0,1,0,0,0,0,0,0,0,0,0,0,0,0,0
2022-10-05,Afrika,,0,10.05.2022,0,0,1,0,0,0,0,0,0,0,0,0,0,0,0
2021-08-08,Griekenland,bosbrand,2,8.08.2021,0,1,0,0,0,0,0,0,0,0,0,0,0,0,0
2022-07-07,Frankrijk,bosbrand,0,7.07.2022,0,1,0,0,0,0,0,0,0,0,0,0,0,0,0
2021-06-06,Nederland,brandstichting,0,6.06.2021,1,0,0,0,0,0,0,0,0,0,0,0,0,0,0
2022-12-14,Oekraïne,raketbeschieting,0,14.12.2022,0,1,0,0,0,0,0,0,0,0,0,0,0,0,0
2021-09-13,Spanje,bosbranden,0,13.09.2021,0,1,0,0,0,0,0,0,0,0,0,0,0,0,0
2022-03-08,Verenigde staten,bosbrand,4,3.08.2022,0,0,1,0,0,0,0,0,0,0,0,0,0,1,0
2022-07-20,Nederland,bosbrand,0,20.07.2022,1,0,0,0,0,0,0,0,0,0,0,0,0,0,0
2021-02-25,Nederland,coronavirus,0,25.02.2021,1,0,0,0,0,0,0,0,0,0,0,0,0,0,0
2022-08-05,Nederland,oorlog,0,8.05.2022,1,0,0,1,0,0,0,0,0,0,0,0,0,0,0
2022-05-09,Canada,steekpartij,10,5.09.2022,0,0,1,0,0,0,0,0,0,0,0,0,0,1,0
2019-10-29,Verenigde staten,bosbranden,0,29.10.2019,0,0,1,0,0,0,0,0,0,0,0,0,0,1,0
2022-02-09,Nederland,natuurbrand,0,2.09.2022,1,0,0,0,0,0,0,0,0,0,0,0,0,0,0
2022-08-18,Spanje,bosbrand,10,18.08.2022,0,1,0,0,0,0,0,0,0,0,0,0,0,0,0
2022-03-08,Verenigde staten,uitbraak van apenpokken,0,3.08.2022,0,0,1,0,0,0,0,0,0,0,0,0,0,1,0
2021-05-19,Nederland,coronavirus,0,19.05.2021,1,0,0,0,0,0,0,0,0,0,0,0,0,0,0
2022-11-08,Oekraïne,,0,11.08.2022,0,1,0,0,0,0,0,0,0,0,0,0,0,0,0
2020-04-01,Australië,bosbranden,23,4.01.2020,0,0,1,0,0,0,0,0,0,0,0,1,0,0,0
2019-08-27,Nederland,bosbrand,0,27.08.2019,1,0,0,0,0,0,0,0,0,0,0,0,0,0,0
2022-06-01,Kazachstan,demonstratie,0,6.01.2022,0,0,1,1,0,0,0,0,0,0,0,0,0,0,1
2019-01-07,Nederland,bosbrand,0,1.07.2019,1,0,0,0,0,0,0,0,0,0,0,0,0,0,0
2019-06-04,Venezuela,protest,0,6.04.2019,0,0,1,1,0,0,0,0,0,0,0,0,0,0,0
2021-07-21,China,overstroming,12,21.07.2021,0,0,1,0,0,0,0,0,0,0,0,0,0,0,1
2020-04-03,Japan,epidemie,12,4.03.2020,0,0,1,0,0,0,0,0,0,0,0,0,0,0,1
2021-12-27,Brazilië,overstroming,18,27.12.2021,0,0,1,0,0,0,0,0,0,0,0,0,0,1,0
2022-02-10,Verenigde staten,orkaan,50,2.10.2022,0,0,1,0,0,0,0,0,0,0,0,0,0,1,0
2020-01-23,Australië,ongeval,6,23.01.2020,0,0,1,0,0,0,0,0,0,0,0,1,0,0,0
2022-11-18,Oekraïne,beschietingen,1,18.11.2022,0,1,0,1,0,0,0,0,0,0,0,0,0,0,0
2022-05-12,Nederland,schietincident,0,5.12.2022,1,0,0,1,0,0,0,0,0,0,0,0,0,0,0
2021-07-01,Japan,noodtoestand,0,7.01.2021,0,0,1,0,0,0,0,0,0,0,0,0,0,0,1
2022-07-16,"Portugal, spanje, frankrijk, marokko",bosbranden,360,16.07.2022,0,0,1,0,0,0,0,0,0,0,0,0,0,0,0
2022-11-25,Oekraïne,,0,25.11.2022,0,1,0,0,0,0,0,0,0,0,0,0,0,0,0
2022-08-02,Nederland,,0,8.02.2022,1,0,0,0,0,0,0,0,0,0,0,0,0,0,0
2022-06-09,Nederland,bosbrand,0,6.09.2022,1,0,0,0,0,0,0,0,0,0,0,0,0,0,0
2019-10-13,Japan,tyfoon,23,13.10.2019,0,0,1,0,0,0,0,0,0,0,0,0,0,0,1
2021-05-14,Japan,protest,0,14.05.2021,0,0,1,1,0,0,0,0,0,0,0,0,0,0,1
2020-03-18,Afrika,coronavirus,0,18.03.2020,0,0,1,0,0,0,0,0,0,0,0,0,0,0,0
2021-05-25,Zuid-soedan,,0,25.05.2021,0,0,1,0,0,0,0,0,0,0,0,0,1,0,0
2019-09-08,China,orkaan,0,9.08.2019,0,0,1,0,0,0,0,0,0,0,0,0,0,0,1
2021-03-21,Jemen,oorlog,8,21.03.2021,0,0,1,1,0,0,0,0,0,0,0,0,0,0,1
2019-12-31,Nederland,oorlog,0,31.12.2019,1,0,0,1,0,0,0,0,0,0,0,0,0,0,0
2021-12-07,Ethiopië,burgeroorlog,0,12.07.2021,0,0,1,1,0,0,0,0,0,0,0,0,1,0,0
2022-07-14,Nederland,bosbranden,0,14.07.2022,1,0,0,0,0,0,0,0,0,0,0,0,0,0,0
2022-07-17,Nederland,bosbrand,0,17.07.2022,1,0,0,0,0,0,0,0,0,0,0,0,0,0,0
2022-09-01,Ethiopië,luchtaanval,56,9.01.2022,0,0,1,1,0,0,0,0,0,0,0,0,1,0,0
2021-01-16,Brazilië,coronacrisis,0,16.01.2021,0,0,1,0,0,0,0,0,0,0,0,0,0,1,0
2020-03-15,Verenigde staten,coronavirus,0,15.03.2020,0,0,1,0,0,0,0,0,0,0,0,0,0,1,0
2019-01-07,Jemen,luchtaanval,11,1.07.2019,0,0,1,1,0,0,0,0,0,0,0,0,0,0,1
2022-05-03,Oekraïne,oorlog,0,5.03.2022,0,1,0,1,0,0,0,0,0,0,0,0,0,0,0
2019-09-06,Californië,bosbrand,0,9.06.2019,0,0,1,0,0,0,0,0,0,0,0,0,0,0,0
2020-05-04,Italië,coronavirus,0,5.04.2020,0,1,0,0,0,0,0,0,0,0,0,0,0,0,0
2021-08-03,Brazilië,coronapandemie,0,8.03.2021,0,0,1,0,0,0,0,0,0,0,0,0,0,1,0
2020-06-09,Japan,tyfoon,2,6.09.2020,0,0,1,0,0,0,0,0,0,0,0,0,0,0,1
2021-12-12,Verenigde staten,tornado,70,12.12.2021,0,0,1,0,0,0,0,0,0,0,0,0,0,1,0
2022-07-19,Nederland,bosbrand,0,19.07.2022,1,0,0,0,0,0,0,0,0,0,0,0,0,0,0
2021-12-20,Filipijnen,tyfoon,375,20.12.2021,0,0,1,0,0,0,0,0,0,0,0,0,0,0,1
2022-12-07,Verenigde staten,natuurramp,0,12.07.2022,0,0,1,0,0,0,0,0,0,0,0,0,0,1,0
2022-03-31,Italië,pandemie,0,31.03.2022,0,1,0,0,0,0,0,0,0,0,0,0,0,0,0
2022-05-17,"Ethiopië, kenia, somalië",hongersnood,0,17.05.2022,0,0,1,0,0,0,0,0,0,0,0,0,0,0,0
2022-07-23,Griekenland,bosbrand,1,23.07.2022,0,1,0,0,0,0,0,0,0,0,0,0,0,0,0
2022-06-23,Afghanistan,aardbeving,1000,23.06.2022,0,0,1,0,0,0,0,0,0,0,0,0,0,0,1
2019-09-08,Zimbabwe,voedselcrisis,0,9.08.2019,0,0,1,0,0,0,0,0,0,0,0,0,1,0,0
2021-12-31,Verenigde staten,natuurbranden,6,31.12.2021,0,0,1,0,0,0,0,0,0,0,0,0,0,1,0
2020-08-24,Nederland,coronavirus,0,24.08.2020,1,0,0,0,0,0,0,0,0,0,0,0,0,0,0
2020-02-23,Italië,coronavirus,3,23.02.2020,0,1,0,0,0,0,0,0,0,0,0,0,0,0,0
2022-08-17,Spanje,bosbrand,20,17.08.2022,0,1,0,0,0,0,0,0,0,0,0,0,0,0,0
2021-08-21,Verenigde staten,orkaan,0.0,22.08.2021,0,0,1,0,0,0,0,0,0,0,0,0,0,1,0
2021-07-23,India,overstromingen,112,23.07.2021,0,0,1,0,0,0,0,0,0,0,0,0,0,0,1
2022-04-24,Nederland,bosbrand,0,24.04.2022,1,0,0,0,0,0,0,0,0,0,0,0,0,0,0
2020-11-16,Filipijnen,tyfoon,67,16.11.2020,0,0,1,0,0,0,0,0,0,0,0,0,0,0,1
2020-06-04,Zweden,coronavirus,401,6.04.2020,0,1,0,0,0,0,0,0,0,0,0,0,0,0,0
2022-07-16,Frankrijk,bosbrand,0,16.07.2022,0,1,0,0,0,0,0,0,0,0,0,0,0,0,0
2022-08-17,Spanje,bosbrand,10,17.08.2022,0,1,0,0,0,0,0,0,0,0,0,0,0,0,0
2022-08-29,Pakistan,overstroming,1000,29.08.2022,0,0,1,0,0,0,0,0,0,0,0,0,0,0,1
2020-03-21,Latijns-amerikaanse landen,coronavirus,0,21.03.2020,0,0,1,0,0,0,0,0,0,0,0,0,0,0,0
2020-11-14,Filipijnen,tyfoon,53,14.11.2020,0,0,1,0,0,0,0,0,0,0,0,0,0,0,1
2020-02-22,Italië,coronavirus,2,22.02.2020,0,1,0,0,0,0,0,0,0,0,0,0,0,0,0
2022-06-19,Spanje,bosbrand,0,19.06.2022,0,1,0,0,0,0,0,0,0,0,0,0,0,0,0
2022-12-24,Nederland,,0,24.12.2022,1,0,0,0,0,0,0,0,0,0,0,0,0,0,0
2021-05-25,India,cycloon,150,25.05.2021,0,0,1,0,0,0,0,0,0,0,0,0,0,0,1
2020-03-21,Nederland,,0,21.03.2020,1,0,0,0,0,0,0,0,0,0,0,0,0,0,0
2021-06-26,Verenigde staten,instorting,4,26.06.2021,0,0,1,0,0,0,0,0,0,0,0,0,0,1,0
2021-07-21,China,overstromingen,25,21.07.2021,0,0,1,0,0,0,0,0,0,0,0,0,0,0,1
2022-05-15,Nederland,brand,0,15.05.2022,1,0,0,1,0,0,0,0,0,0,0,0,0,0,0
2021-10-29,Italië,meteorologische ramp,3,29.10.2021,0,1,0,0,0,0,0,0,0,0,0,0,0,0,0
2022-11-08,Frankrijk,bosbrand,0,11.08.2022,0,1,0,0,0,0,0,0,0,0,0,0,0,0,0
2022-06-03,Oekraïne,oorlog,,6.03.2022,0,1,0,1,0,0,0,0,0,0,0,0,0,0,0
2022-11-09,Oekraïne,stroomuitval,0,11.09.2022,0,1,0,0,0,0,0,0,0,0,0,0,0,0,0
2020-01-19,Canada,severe weather,0,19.01.2020,0,0,1,0,0,0,0,0,0,0,0,0,0,1,0
2019-01-04,Mozambique,overstromingen,1,1.04.2019,0,0,1,0,0,0,0,0,0,0,0,0,1,0,0
2022-09-10,Nederland,explosie,0,9.10.2022,1,0,0,1,0,0,0,0,0,0,0,0,0,0,0
2022-08-01,Afghanistan,,,8.01.2022,0,0,1,0,0,0,0,0,0,0,0,0,0,0,1
2021-08-28,Verenigde staten,orkaan,0,28.08.2021,0,0,1,0,0,0,0,0,0,0,0,0,0,1,0
2019-12-21,Australië,bosbranden,0,21.12.2019,0,0,1,0,0,0,0,0,0,0,0,1,0,0,0
2021-07-26,Frankrijk griekenland sardinië,bosbranden,0,26.07.2021,0,0,1,0,0,0,0,0,0,0,0,0,0,0,0
2019-10-15,Japan,tyfoon,74,15.10.2019,0,0,1,0,0,0,0,0,0,0,0,0,0,0,1
2019-04-18,Nederland,,0,18.04.2019,1,0,0,0,0,0,0,0,0,0,0,0,0,0,0
2021-08-15,Albanië,grote bosbrand,0,15.08.2021,0,1,0,0,0,0,0,0,0,0,0,0,0,0,0
2020-05-22,Nederland,bosbrand,0,22.05.2020,1,0,0,0,0,0,0,0,0,0,0,0,0,0,0
2020-10-14,Nederland,covid-19,0,14.10.2020,1,0,0,0,0,0,0,0,0,0,0,0,0,0,0
2020-06-15,Hongarije,,0,15.06.2020,0,1,0,0,0,0,0,0,0,0,0,0,0,0,0
2022-07-19,Europa,hittegolf,0,19.07.2022,0,1,0,0,0,0,0,0,0,0,0,0,0,0,0
2021-02-21,Ierland,,0,21.02.2021,0,1,0,0,0,0,0,0,0,0,0,0,0,0,0
2021-02-20,Verenigde staten,extreem winterweer,20,20.02.2021,0,0,1,0,0,0,0,0,0,0,0,0,0,1,0
2020-01-17,Australië,overstromingen,0,17.01.2020,0,0,1,0,0,0,0,0,0,0,0,1,0,0,0
2020-04-17,Oekraïne,brand,0,17.04.2020,0,1,0,1,0,0,0,0,0,0,0,0,0,0,0
2021-02-09,Verenigde staten,tropische storm,0,2.09.2021,0,0,1,0,0,0,0,0,0,0,0,0,0,1,0
2022-08-30,Pakistan,overstromingen,1136,30.08.2022,0,0,1,0,0,0,0,0,0,0,0,0,0,0,1
2021-06-04,Verenigde staten,dijkdoorbraak,0,6.04.2021,0,0,1,0,0,0,0,0,0,0,0,0,0,1,0
2019-08-30,Amerika,orkaan,0,30.08.2019,0,0,1,0,0,0,0,0,0,0,0,0,0,0,0
2020-11-20,Nederland,,0,20.11.2020,1,0,0,0,0,0,0,0,0,0,0,0,0,0,0
2022-02-08,Verenigde staten,natuurramp,2,2.08.2022,0,0,1,0,0,0,0,0,0,0,0,0,0,1,0
2022-09-21,Pakistan,overstroming,0,21.09.2022,0,0,1,0,0,0,0,0,0,0,0,0,0,0,1
2020-06-08,Libanon,explosie,0,6.08.2020,0,0,1,1,0,0,0,0,0,0,0,0,0,0,1
2020-01-07,Mexico,aardbeving,10,1.07.2020,0,0,1,0,0,0,0,0,0,0,0,0,0,1,0
2022-11-08,Nederland,natuurbrand,0,11.08.2022,1,0,0,0,0,0,0,0,0,0,0,0,0,0,0
2022-10-06,Somalië,oorlog,0,10.06.2022,0,0,1,1,0,0,0,0,0,0,0,0,1,0,0
2021-10-27,Italië,overstroming,2,27.10.2021,0,1,0,0,0,0,0,0,0,0,0,0,0,0,0
2022-06-11,Verenigde staten,wervelstormen en overstromingen,10,6.11.2022,0,0,1,0,0,0,0,0,0,0,0,0,0,1,0
2022-02-01,Verenigde staten,bosbranden,0,2.01.2022,0,0,1,0,0,0,0,0,0,0,0,0,0,1,0
2022-11-16,Oekraïne,,0,16.11.2022,0,1,0,0,0,0,0,0,0,0,0,0,0,0,0
2021-03-09,Verenigde staten,orkaan,26,3.09.2021,0,0,1,0,0,0,0,0,0,0,0,0,0,1,0
2019-07-22,Nederland,bosbrand,0,22.07.2019,1,0,0,0,0,0,0,0,0,0,0,0,0,0,0
2021-06-08,Noord-korea,nucleaire ballistische raketprogramma's,0,6.08.2021,0,0,1,0,0,0,0,0,0,0,0,0,0,0,1
2022-09-16,Italië,overstroming,9,16.09.2022,0,1,0,0,0,0,0,0,0,0,0,0,0,0,0
2019-11-08,Spanje,bosbrand,0,11.08.2019,0,1,0,0,0,0,0,0,0,0,0,0,0,0,0
2021-02-02,Amerika,sneeuwstorm,0,2.02.2021,0,0,1,0,0,0,0,0,0,0,0,0,0,0,0
2022-03-09,Amerika,bosbrand,0,3.09.2022,0,0,1,0,0,0,0,0,0,0,0,0,0,0,0
2021-08-18,Californië,bosbrand,2,18.08.2021,0,0,1,0,0,0,0,0,0,0,0,0,0,0,0
2021-10-13,Afghanistan,,0,13.10.2021,0,0,1,0,0,0,0,0,0,0,0,0,0,0,1
2022-03-31,Oekraïne,oorlog,0,31.03.2022,0,1,0,1,0,0,0,0,0,0,0,0,0,0,0
2020-05-30,Nederland,natuurbrand,0,30.05.2020,1,0,0,0,0,0,0,0,0,0,0,0,0,0,0
2021-12-09,Jemen,oorlog,230000,12.09.2021,0,0,1,1,0,0,0,0,0,0,0,0,0,0,1
2020-05-21,India bangladesh,supercycloon,84,21.05.2020,0,0,1,0,0,0,0,0,0,0,0,0,0,0,0
2022-05-01,Nederland,,0,5.01.2022,1,0,0,0,0,0,0,0,0,0,0,0,0,0,0
2021-11-01,Jemen,terrorisme,28,11.01.2021,0,0,1,1,0,0,0,0,0,0,0,0,0,0,1
2020-03-11,Spanje,protesten,11,3.11.2020,0,1,0,0,0,0,0,0,0,0,0,0,0,0,0
2022-06-24,Turkije,bosbrand,0,24.06.2022,0,0,1,0,0,1,0,0,0,0,0,0,0,0,0
2022-08-14,Frankrijk,bosbrand,0,14.08.2022,0,1,0,0,0,0,0,0,0,0,0,0,0,0,0
2022-04-13,Oekraïne,,,13.04.2022,0,1,0,0,0,0,0,0,0,0,0,0,0,0,0
2021-02-16,Myanmar,,0,16.02.2021,0,0,1,0,0,0,0,0,0,0,0,0,0,0,1
2021-07-02,Amerikaanse canadese,bosbrand,0,"July 2, 2021",0,0,1,0,0,0,0,0,0,0,0,0,0,0,0
2022-11-27,Italië,aardverschuiving,8,27.11.2022,0,1,0,0,0,0,0,0,0,0,0,0,0,0,0
2019-10-24,Zuid-amerika,onlusten,45,24.10.2019,0,0,1,0,0,0,0,0,0,0,0,0,0,0,0
2022-04-07,Nederland,uitbraak van apenpokkenvirus,0,4.07.2022,1,0,0,0,0,0,0,0,0,0,0,0,0,0,0
2021-07-05,Japan,noodtoestand,0,7.05.2021,0,0,1,0,0,0,0,0,0,0,0,0,0,0,1
2020-09-14,Verenigde staten,orkaan,0,14.09.2020,0,0,1,0,0,0,0,0,0,0,0,0,0,1,0
2021-01-09,Afghanistan,,0,1.09.2021,0,0,1,0,0,0,0,0,0,0,0,0,0,0,1
2019-10-29,Chili,protesten,,29.10.2019,0,0,1,0,0,0,0,0,0,0,0,0,0,1,0
2019-03-06,Jemen,hongersnood,0,3.06.2019,0,0,1,0,0,0,0,0,0,0,0,0,0,0,1
2020-11-11,Hongarije,coronavirus,0,11.11.2020,0,1,0,0,0,0,0,0,0,0,0,0,0,0,0
2022-09-03,Oekraïne,stroomstoring,0,9.03.2022,0,1,0,0,0,0,0,0,0,0,0,0,0,0,0
2022-06-07,Nederland,,0,6.07.2022,1,0,0,0,0,0,0,0,0,0,0,0,0,0,0
2022-09-30,Amerika,orkaan,4,30.09.2022,0,0,1,0,0,0,0,0,0,0,0,0,0,0,0
2021-05-08,Italië,bosbranden,0,5.08.2021,0,1,0,0,0,0,0,0,0,0,0,0,0,0,0
2021-09-14,Afghanistan,humanitaire crisis,0,14.09.2021,0,0,1,0,0,0,0,0,0,0,0,0,0,0,1
2021-07-26,Azië,overstromingen,404,26.07.2021,0,0,1,0,0,0,0,0,0,0,0,0,0,0,0
2022-11-20,Verenigde staten,sneeuwstorm,2,20.11.2022,0,0,1,0,0,0,0,0,0,0,0,0,0,1,0
2022-07-26,Europa,bosbrand,0,26.07.2022,0,1,0,0,0,0,0,0,0,0,0,0,0,0,0
2020-05-21,Japan,,0,21.05.2020,0,0,1,0,0,0,0,0,0,0,0,0,0,0,1
2020-11-13,Filipijnen,tyfoon,26,13.11.2020,0,0,1,0,0,0,0,0,0,0,0,0,0,0,1
2020-01-24,China,corona-virus,25,24.01.2020,0,0,1,0,0,0,0,0,0,0,0,0,0,0,1
2022-09-20,"Kirgizië, tadzjikistan",gewapend conflict,94,20.09.2022,0,0,1,0,0,0,0,0,0,0,0,0,0,0,0
2019-04-18,Libië,oorlog,120,18.04.2019,0,0,1,1,0,0,0,0,0,0,0,0,1,0,0
2021-02-16,Verenigde staten,,0,16.02.2021,0,0,1,0,0,0,0,0,0,0,0,0,0,1,0
2022-09-28,Verenigde staten,orkaan,0,28.09.2022,0,0,1,0,0,0,0,0,0,0,0,0,0,1,0
2020-06-04,Nederland,brand,0,6.04.2020,1,0,0,1,0,0,0,0,0,0,0,0,0,0,0
2022-04-26,Nederland,natuurbrand,0,26.04.2022,1,0,0,0,0,0,0,0,0,0,0,0,0,0,0
2019-04-07,India,hittegolf,100,4.07.2019,0,0,1,0,0,0,0,0,0,0,0,0,0,0,1
2021-08-16,Haïti,aardbeving,2021,16.08.2021,0,0,1,0,0,0,0,0,0,0,0,0,0,1,0
2020-06-12,Marokko,covid-19,0,6.12.2020,0,0,1,0,1,0,0,0,0,0,0,0,0,0,0
2020-03-25,Nederland,pandemie,0,25.03.2020,1,0,0,0,0,0,0,0,0,0,0,0,0,0,0
2021-09-07,Zuid-soedan,,0,9.07.2021,0,0,1,0,0,0,0,0,0,0,0,0,1,0,0
2019-02-09,Bahama's,orkaan,1,2.09.2019,0,0,1,0,0,0,0,0,0,0,0,0,0,1,0
2021-05-26,India,cycloon,0,26.05.2021,0,0,1,0,0,0,0,0,0,0,0,0,0,0,1
2020-05-20,Nederland,natuurbrand,0,20.05.2020,1,0,0,0,0,0,0,0,0,0,0,0,0,0,0
2022-07-29,Verenigde staten,apenpokkenepidemie,0,29.07.2022,0,0,1,0,0,0,0,0,0,0,0,0,0,1,0
2021-06-25,Verenigde staten,ineenstorting appartementencomplex,3,25.06.2021,0,0,1,0,0,0,0,0,0,0,0,0,0,1,0
2020-05-21,Spanje,noodtoestand vanwege coronapandemie,28000,21.05.2020,0,1,0,0,0,0,0,0,0,0,0,0,0,0,0
2019-04-18,Nederland,,0,18.04.2019,1,0,0,0,0,0,0,0,0,0,0,0,0,0,0
2022-11-03,Oekraïne,,0,11.03.2022,0,1,0,0,0,0,0,0,0,0,0,0,0,0,0
2022-01-31,Myanmar,coup,1500,31.01.2022,0,0,1,0,0,0,0,0,0,0,0,0,0,0,1
2020-06-09,Verenigde staten,bosbrand,8,6.09.2020,0,0,1,0,0,0,0,0,0,0,0,0,0,1,0
2021-08-21,Verenigde staten,orkaan,0,21.08.2021,0,0,1,0,0,0,0,0,0,0,0,0,0,1,0
2022-08-16,Afghanistan,,0,16.08.2022,0,0,1,0,0,0,0,0,0,0,0,0,0,0,1
2019-04-18,Brazilie,overstroming,10,18.04.2019,0,0,1,0,0,0,0,0,0,0,0,0,0,0,0
2021-03-22,Australië,overstroming,0,22.03.2021,0,0,1,0,0,0,0,0,0,0,0,1,0,0,0
2020-08-17,Nederland,natuurbranden,0,17.08.2020,1,0,0,0,0,0,0,0,0,0,0,0,0,0,0
2019-05-29,Verenigde staten,tornado,1,29.05.2019,0,0,1,0,0,0,0,0,0,0,0,0,0,1,0
2021-12-18,Filipijnen,tyfoon,18,18.12.2021,0,0,1,0,0,0,0,0,0,0,0,0,0,0,1
2021-04-09,Afghanistan,schietincident,17,4.09.2021,0,0,1,1,0,0,0,0,0,0,0,0,0,0,1
2022-02-04,Brazilie,overstromingen en aardverschuivingen,14,2.04.2022,0,0,1,0,0,0,0,0,0,0,0,0,0,0,0
2020-02-01,Australië,bosbrand,0,2.01.2020,0,0,1,0,0,0,0,0,0,0,0,1,0,0,0
2019-04-18,Nederland,risicoprofiel,0,18.04.2019,1,0,0,0,0,0,0,0,0,0,0,0,0,0,0
2020-03-06,Nederland,brand,0,3.06.2020,1,0,0,1,0,0,0,0,0,0,0,0,0,0,0
2022-02-08,Nederland,,0,2.08.2022,1,0,0,0,0,0,0,0,0,0,0,0,0,0,0
2022-04-19,China,coronavirus,0,19.04.2022,0,0,1,0,0,0,0,0,0,0,0,0,0,0,1
2019-11-26,Indonesië,aardbeving,41,26.11.2019,0,0,1,0,0,0,0,0,1,0,0,0,0,0,0
2021-02-07,Canada,bosbrand,0,2.07.2021,0,0,1,0,0,0,0,0,0,0,0,0,0,1,0
2022-07-03,Oekraïne,oorlog,0,7.03.2022,0,1,0,1,0,0,0,0,0,0,0,0,0,0,0
2020-05-21,Griekenland,schietincident,,21.05.2020,0,1,0,1,0,0,0,0,0,0,0,0,0,0,0
2022-07-28,Frankrijk,bosbrand,0,28.07.2022,0,1,0,0,0,0,0,0,0,0,0,0,0,0,0
2022-10-20,Oekraïne,kernramp,0,20.10.2022,0,1,0,0,0,0,0,0,0,0,0,0,0,0,0
2021-08-29,Verenigde staten,orkaan,0,29.08.2021,0,0,1,0,0,0,0,0,0,0,0,0,0,1,0
2021-12-21,Filipijnen,tyfoon,375,21.12.2021,0,0,1,0,0,0,0,0,0,0,0,0,0,0,1
2021-09-12,Verenigde staten,bosbrand,5,9.12.2021,0,0,1,0,0,0,0,0,0,0,0,0,0,1,0
2020-10-31,Filipijnen,orkaan,6300,31.10.2020,0,0,1,0,0,0,0,0,0,0,0,0,0,0,1
2021-12-19,Filipijnen,tyfoon,100,19.12.2021,0,0,1,0,0,0,0,0,0,0,0,0,0,0,1
2022-08-30,Nederland,bosbrand,0,30.08.2022,1,0,0,0,0,0,0,0,0,0,0,0,0,0,0
2020-11-17,Ethiopië,gewapend conflict,,17.11.2020,0,0,1,0,0,0,0,0,0,0,0,0,1,0,0
2021-05-04,Amerika,overstroming,0,5.04.2021,0,0,1,0,0,0,0,0,0,0,0,0,0,0,0
2020-07-26,Verenigde staten,orkaan,0,26.07.2020,0,0,1,0,0,0,0,0,0,0,0,0,0,1,0
2022-06-09,Oekraïne,,0,6.09.2022,0,1,0,0,0,0,0,0,0,0,0,0,0,0,0
2020-04-12,Verenigde staten,bosbrand,0,4.12.2020,0,0,1,0,0,0,0,0,0,0,0,0,0,1,0
2019-10-26,Chili,protesten,19,26.10.2019,0,0,1,0,0,0,0,0,0,0,0,0,0,1,0
2021-03-30,Marokko,,0,30.03.2021,0,0,1,0,1,0,0,0,0,0,0,0,0,0,0
2020-01-29,Brazilie,overstroming,44,29.01.2020,0,0,1,0,0,0,0,0,0,0,0,0,0,0,0
2022-08-26,Pakistan,overstromingen,1000,26.08.2022,0,0,1,0,0,0,0,0,0,0,0,0,0,0,1
2021-05-08,Griekenland,brand,0,5.08.2021,0,1,0,1,0,0,0,0,0,0,0,0,0,0,0
2022-05-19,Oekraïne,oorlog,0,19.05.2022,0,1,0,1,0,0,0,0,0,0,0,0,0,0,0
2021-05-18,Japan,olympische spelen,0,18.05.2021,0,0,1,0,0,0,0,0,0,0,0,0,0,0,1
2022-03-15,Oekraïne,oorlog,0,15.03.2022,0,1,0,1,0,0,0,0,0,0,0,0,0,0,0
2022-09-23,Spanje,cycloon,0,23.09.2022,0,1,0,0,0,0,0,0,0,0,0,0,0,0,0
2019-06-12,Australië,bosbrand,0,6.12.2019,0,0,1,0,0,0,0,0,0,0,0,1,0,0,0
2019-04-18,Democratische republiek congo,ramp,0,18.04.2019,0,0,1,0,0,0,0,0,0,0,0,0,1,0,0
2019-05-07,Venezuela,,0,5.07.2019,0,0,1,0,0,0,0,0,0,0,0,0,0,0,0
2019-04-18,Verenigde staten,mazelenuitbraak,0,18.04.2019,0,0,1,0,0,0,0,0,0,0,0,0,0,1,0
2022-05-03,Oekraïne,,0,5.03.2022,0,1,0,0,0,0,0,0,0,0,0,0,0,0,0
2020-05-30,Italië,,0,30.05.2020,0,1,0,0,0,0,0,0,0,0,0,0,0,0,0
2021-03-12,Jemen,oorlog,0,3.12.2021,0,0,1,1,0,0,0,0,0,0,0,0,0,0,1
2020-01-09,Oost-aziê,orkaan,0,1.09.2020,0,0,1,0,0,0,0,0,0,0,0,0,0,0,0
2020-06-09,Verenigde staten,natuurbranden,12,6.09.2020,0,0,1,0,0,0,0,0,0,0,0,0,0,1,0
2022-09-21,Oekraïne,,0,21.09.2022,0,1,0,0,0,0,0,0,0,0,0,0,0,0,0
2021-08-30,Jemen,aanvallen militaire basis,90,30.08.2021,0,0,1,0,0,0,0,0,0,0,0,0,0,0,1
2021-08-17,Spanje,bosbranden,0,17.08.2021,0,1,0,0,0,0,0,0,0,0,0,0,0,0,0
2021-05-20,India,cycloon,84,20.05.2021,0,0,1,0,0,0,0,0,0,0,0,0,0,0,1
2022-01-09,Amerika,,0,1.09.2022,0,0,1,0,0,0,0,0,0,0,0,0,0,0,0
2021-07-25,Madagaskar,hongersnood,0,25.07.2021,0,0,1,0,0,0,0,0,0,0,0,0,1,0,0
2021-11-05,Japan,,0,11.05.2021,0,0,1,0,0,0,0,0,0,0,0,0,0,0,1
2022-02-27,Oekraïne,oorlog,0,27.02.2022,0,1,0,1,0,0,0,0,0,0,0,0,0,0,0
2021-11-08,Europa,"hittegolf, bosbranden",2,11.08.2021,0,1,0,0,0,0,0,0,0,0,0,0,0,0,0
2020-10-08,Mauritius,milieuramp,0,10.08.2020,0,0,1,0,0,0,0,0,0,0,0,0,0,0,0
2021-08-31,Californië,bosbrand,0,31.08.2021,0,0,1,0,0,0,0,0,0,0,0,0,0,0,0
2022-07-15,Turkije,bosbrand,19,15.07.2022,0,0,1,0,0,1,0,0,0,0,0,0,0,0,0
2021-03-09,Verenigde staten,overstromingen,44,3.09.2021,0,0,1,0,0,0,0,0,0,0,0,0,0,1,0
2019-01-08,Rusland,bosbrand,0,1.08.2019,0,0,1,0,0,0,0,0,0,0,0,0,0,0,1
2020-09-08,Libanon,explosie,150,9.08.2020,0,0,1,1,0,0,0,0,0,0,0,0,0,0,1
2021-03-02,Australië,bosbrand,0,3.02.2021,0,0,1,0,0,0,0,0,0,0,0,1,0,0,0
2022-09-25,Canada,storm,0,25.09.2022,0,0,1,0,0,0,0,0,0,0,0,0,0,1,0
2021-06-30,Noord-korea,,0,30.06.2021,0,0,1,0,0,0,0,0,0,0,0,0,0,0,1
2021-07-21,China,overstroming,25,21.07.2021,0,0,1,0,0,0,0,0,0,0,0,0,0,0,1
2022-07-31,Verenigde staten,overstroming,25,31.07.2022,0,0,1,0,0,0,0,0,0,0,0,0,0,1,0
2022-11-17,Nederland,oorlog,70,17.11.2022,1,0,0,1,0,0,0,0,0,0,0,0,0,0,0
2021-08-15,Haïti,aardbeving,227,15.08.2021,0,0,1,0,0,0,0,0,0,0,0,0,0,1,0
2019-04-18,Nederland,bosbrand,0,18.04.2019,1,0,0,0,0,0,0,0,0,0,0,0,0,0,0
2022-05-03,Oekraïne,oorlog,21,5.03.2022,0,1,0,1,0,0,0,0,0,0,0,0,0,0,0
2022-02-03,Oekraïne,oorlog,4,2.03.2022,0,1,0,1,0,0,0,0,0,0,0,0,0,0,0
2022-08-11,Nederland,brand,0,8.11.2022,1,0,0,1,0,0,0,0,0,0,0,0,0,0,0
2022-11-01,Afghanistan,humanitaire catastrofe,0,11.01.2022,0,0,1,0,0,0,0,0,0,0,0,0,0,0,1
2022-09-05,Oekraïne,,75,9.05.2022,0,1,0,0,0,0,0,0,0,0,0,0,0,0,0
2020-10-29,Vietnam,aardverschuivingen,16,29.10.2020,0,0,1,0,0,0,0,0,0,0,0,0,0,0,1
2019-03-05,India,cycloon,2,3.05.2019,0,0,1,0,0,0,0,0,0,0,0,0,0,0,1
2020-07-31,Nederland,bosbrand,0,31.07.2020,1,0,0,0,0,0,0,0,0,0,0,0,0,0,0
2019-10-24,Chili,protesten,10,24.10.2019,0,0,1,0,0,0,0,0,0,0,0,0,0,1,0
2022-12-23,Verenigde staten,extreme weersomstandigheden,0,23.12.2022,0,0,1,0,0,0,0,0,0,0,0,0,0,1,0
2021-04-07,Canada,bosbranden,0,4.07.2021,0,0,1,0,0,0,0,0,0,0,0,0,0,1,0
2020-06-08,Frankrijk,bosbrand,0,6.08.2020,0,1,0,0,0,0,0,0,0,0,0,0,0,0,0
2020-08-23,Californië,natuurbranden,6,23.08.2020,0,0,1,0,0,0,0,0,0,0,0,0,0,0,0
2021-09-14,Afghanistan,,0,14.09.2021,0,0,1,0,0,0,0,0,0,0,0,0,0,0,1
2021-08-30,Verenigde staten,orkaan,1,30.08.2021,0,0,1,0,0,0,0,0,0,0,0,0,0,1,0
2021-04-25,Nederland,bosbrand,0,25.04.2021,1,0,0,0,0,0,0,0,0,0,0,0,0,0,0
2020-10-30,Nederland,explosie,0,30.10.2020,1,0,0,1,0,0,0,0,0,0,0,0,0,0,0
2019-11-14,Italië,overstroming,0,14.11.2019,0,1,0,0,0,0,0,0,0,0,0,0,0,0,0
2020-08-09,Californië,natuurbranden,8,8.09.2020,0,0,1,0,0,0,0,0,0,0,0,0,0,0,0
2020-07-28,Frankrijk,bosbrand,0,28.07.2020,0,1,0,0,0,0,0,0,0,0,0,0,0,0,0
2022-12-14,Peru,,6,14.12.2022,0,0,1,0,0,0,0,0,0,0,0,0,0,1,0
2022-07-18,Frankrijk,bosbrand,0,18.07.2022,0,1,0,0,0,0,0,0,0,0,0,0,0,0,0
2019-10-27,Chili,protesten,19,27.10.2019,0,0,1,0,0,0,0,0,0,0,0,0,0,1,0
2020-04-16,Nederland,bosbrand,0,"April 16, 2020",1,0,0,0,0,0,0,0,0,0,0,0,0,0,0
2021-11-18,Canada,overstroming,1,18.11.2021,0,0,1,0,0,0,0,0,0,0,0,0,0,1,0
2022-09-03,Oekraïne,,0,9.03.2022,0,1,0,0,0,0,0,0,0,0,0,0,0,0,0
2022-09-26,Filipijnen,tyfoon,5,26.09.2022,0,0,1,0,0,0,0,0,0,0,0,0,0,0,1
2020-03-13,Verenigde staten,noodtoestand,0,13.03.2020,0,0,1,0,0,0,0,0,0,0,0,0,0,1,0
2021-10-23,Afghanistan,economische ineenstorting en politieke crisis,0,23.10.2021,0,0,1,0,0,0,0,0,0,0,0,0,0,0,1
2022-09-12,Oekraïne,bombardement,0,9.12.2022,0,1,0,1,0,0,0,0,0,0,0,0,0,0,0
2022-12-07,Oekraïne,,23,12.07.2022,0,1,0,0,0,0,0,0,0,0,0,0,0,0,0
2022-07-09,Zuid-korea,tyfoon,10,7.09.2022,0,0,1,0,0,0,0,0,0,0,0,0,0,0,1
2019-04-18,Nederland,aardbeving,0,18.04.2019,1,0,0,0,0,0,0,0,0,0,0,0,0,0,0
2022-09-18,Pakistan,overstromingen,0,18.09.2022,0,0,1,0,0,0,0,0,0,0,0,0,0,0,1
2022-12-26,Servië,ongeval met giftige stoffen,15,26.12.2022,0,1,0,0,0,0,0,0,0,0,0,0,0,0,0
2022-08-14,Spanje,bosbrand,0,14.08.2022,0,1,0,0,0,0,0,0,0,0,0,0,0,0,0
2022-04-20,Nederland,brand,0,20.04.2022,1,0,0,1,0,0,0,0,0,0,0,0,0,0,0
2021-07-05,Japan,coronapandemie,0,7.05.2021,0,0,1,0,0,0,0,0,0,0,0,0,0,0,1
2019-04-22,Nederland,natuurbrand,0,22.04.2019,1,0,0,0,0,0,0,0,0,0,0,0,0,0,0
2022-02-01,Verenigde staten,bosbrand,0,2.01.2022,0,0,1,0,0,0,0,0,0,0,0,0,0,1,0
2019-12-10,Verenigde staten,natuurbranden,0,12.10.2019,0,0,1,0,0,0,0,0,0,0,0,0,0,1,0
2019-04-25,Trinidad tobago,marine transportation accidents,0,"April 25, 2019",0,0,1,0,0,0,0,0,0,0,0,0,0,0,0
2019-11-14,Australië,brandstichting,0,14.11.2019,0,0,1,0,0,0,0,0,0,0,0,1,0,0,0
2019-10-15,Japan,tyfoon,66,15.10.2019,0,0,1,0,0,0,0,0,0,0,0,0,0,0,1
2019-03-09,Verenigde staten,bouw muur,0,3.09.2019,0,0,1,0,0,0,0,0,0,0,0,0,0,1,0
2022-07-16,Oekraïne,,3,16.07.2022,0,1,0,0,0,0,0,0,0,0,0,0,0,0,0
2019-08-29,Nederland,protestactie,0,29.08.2019,1,0,0,0,0,0,0,0,0,0,0,0,0,0,0
2022-05-20,Spanje,hittegolf,0,20.05.2022,0,1,0,0,0,0,0,0,0,0,0,0,0,0,0
2022-07-29,Portugal,bosbrand,0,29.07.2022,0,1,0,0,0,0,0,0,0,0,0,0,0,0,0
2020-01-31,Australië,bosbrand,0,31.01.2020,0,0,1,0,0,0,0,0,0,0,0,1,0,0,0
2019-02-05,India,tropische storm,0,2.05.2019,0,0,1,0,0,0,0,0,0,0,0,0,0,0,1
2020-04-30,Japan,coronavirus,27,30.04.2020,0,0,1,0,0,0,0,0,0,0,0,0,0,0,1
2022-07-21,Spanje,bosbrand,0,21.07.2022,0,1,0,0,0,0,0,0,0,0,0,0,0,0,0
2019-03-10,Nederland,brand,0,3.10.2019,1,0,0,1,0,0,0,0,0,0,0,0,0,0,0
2022-07-15,Frankrijk,bosbrand,0,15.07.2022,0,1,0,0,0,0,0,0,0,0,0,0,0,0,0
2020-09-10,Spanje,noodtoestand door coronabesmettingen,63,9.10.2020,0,1,0,0,0,0,0,0,0,0,0,0,0,0,0
2020-09-01,Australië,bosbranden en tropische cycloon,25,9.01.2020,0,0,1,0,0,0,0,0,0,0,0,1,0,0,0
2021-07-15,Nederland,overstromingen,0,15.07.2021,1,0,0,0,0,0,0,0,0,0,0,0,0,0,0
2020-07-27,Hawaï,orkaan,0,27.07.2020,0,0,1,0,0,0,0,0,0,0,0,0,0,0,0
2022-02-03,Oekraïne,,0,2.03.2022,0,1,0,0,0,0,0,0,0,0,0,0,0,0,0
2020-08-08,Libanon,explosie,155,8.08.2020,0,0,1,1,0,0,0,0,0,0,0,0,0,0,1
2021-06-04,Indonesië,tropische cycloon,86,6.04.2021,0,0,1,0,0,0,0,0,1,0,0,0,0,0,0
2022-02-11,Noord-korea,oorlog,0,2.11.2022,0,0,1,1,0,0,0,0,0,0,0,0,0,0,1
2019-11-13,Italië,overstroming,2,13.11.2019,0,1,0,0,0,0,0,0,0,0,0,0,0,0,0
2022-03-31,Italië,corona-epidemie,0,31.03.2022,0,1,0,0,0,0,0,0,0,0,0,0,0,0,0
2019-04-23,Nederland,bosbrand,0,23.04.2019,1,0,0,0,0,0,0,0,0,0,0,0,0,0,0
2020-10-29,Vietnam,aardverschuivingen en tyfoon,13,29.10.2020,0,0,1,0,0,0,0,0,0,0,0,0,0,0,1
2022-11-27,Italië,modderlawine,7,27.11.2022,0,1,0,0,0,0,0,0,0,0,0,0,0,0,0
2020-04-10,Italië,overstromingen,2,4.10.2020,0,1,0,0,0,0,0,0,0,0,0,0,0,0,0
2019-10-27,Verenigde staten,bosbrand,0,27.10.2019,0,0,1,0,0,0,0,0,0,0,0,0,0,1,0
2022-02-01,Soedan,politieke crisis,2,2.01.2022,0,0,1,0,0,0,0,0,0,0,0,0,1,0,0
2022-05-01,Filipijnen,tyfoon,0,5.01.2022,0,0,1,0,0,0,0,0,0,0,0,0,0,0,1
2020-10-25,Spanje,coronavirus,0,25.10.2020,0,1,0,0,0,0,0,0,0,0,0,0,0,0,0
2022-07-21,Nederland,watertekort,0,21.07.2022,1,0,0,0,0,0,0,0,0,0,0,0,0,0,0
2019-04-20,Rusland,bosbranden,0,20.04.2019,0,0,1,0,0,0,0,0,0,0,0,0,0,0,1
2020-06-18,Syrië,oorlog,0,18.06.2020,0,0,1,1,0,0,0,0,0,0,0,0,0,0,1
2021-10-21,Jemen,burgeroorlog,0,21.10.2021,0,0,1,1,0,0,0,0,0,0,0,0,0,0,1
2022-09-17,Japan,orkaan,0,17.09.2022,0,0,1,0,0,0,0,0,0,0,0,0,0,0,1
2020-07-30,Italië,coronavirus,0,30.07.2020,0,1,0,0,0,0,0,0,0,0,0,0,0,0,0
2021-08-23,Verenigde staten,overstromingen,22,23.08.2021,0,0,1,0,0,0,0,0,0,0,0,0,0,1,0
2021-10-26,Duitsland,,0,26.10.2021,0,1,0,0,0,0,0,1,0,0,0,0,0,0,0
2022-03-03,Nederland,,0,3.03.2022,1,0,0,0,0,0,0,0,0,0,0,0,0,0,0
2022-04-19,Oekraine,oorlog,0,19.04.2022,0,0,1,1,0,0,0,0,0,0,0,0,0,0,0
2021-08-22,Mexico,orkaan,8,22.08.2021,0,0,1,0,0,0,0,0,0,0,0,0,0,1,0
2019-06-08,Rusland,explosie,1,6.08.2019,0,0,1,1,0,0,0,0,0,0,0,0,0,0,1
2021-12-28,Indonesië,,0,28.12.2021,0,0,1,0,0,0,0,0,1,0,0,0,0,0,0
2019-07-11,Nederland,aardbeving,41,7.11.2019,1,0,0,0,0,0,0,0,0,0,0,0,0,0,0
2019-03-05,India,cycloon,3,3.05.2019,0,0,1,0,0,0,0,0,0,0,0,0,0,0,1
2019-10-10,Japan,typhoon,0,10.10.2019,0,0,1,0,0,0,0,0,0,0,0,0,0,0,1
2020-10-14,Nederland,,0,14.10.2020,1,0,0,0,0,0,0,0,0,0,0,0,0,0,0
2020-04-22,Nederland,natuurbrand,0,22.04.2020,1,0,0,0,0,0,0,0,0,0,0,0,0,0,0
2020-06-04,Italië,,0,6.04.2020,0,1,0,0,0,0,0,0,0,0,0,0,0,0,0
2021-12-05,Israel,,2,12.05.2021,0,0,1,0,0,0,0,0,0,0,0,0,0,0,0
2021-10-06,Puerto rico,stroomuitval,0,10.06.2021,0,0,1,0,0,0,0,0,0,0,0,0,0,1,0
2022-04-18,Zuid-afrika,watersnoodramp,443,18.04.2022,0,0,1,0,0,0,0,0,0,0,0,0,1,0,0
2022-07-29,Verenigde staten,overstromingen,25,29.07.2022,0,0,1,0,0,0,0,0,0,0,0,0,0,1,0
2022-09-23,Syrië,bootramp,73,23.09.2022,0,0,1,0,0,0,0,0,0,0,0,0,0,0,1
2021-12-09,Spanje,bosbrand,1,12.09.2021,0,1,0,0,0,0,0,0,0,0,0,0,0,0,0
2021-02-09,Verenigde staten,orkaan,0,2.09.2021,0,0,1,0,0,0,0,0,0,0,0,0,0,1,0
2020-10-28,Spanje,covid-19 gerelateerd,0,28.10.2020,0,1,0,0,0,0,0,0,0,0,0,0,0,0,0
2019-08-09,Canada,orkaan,49,8.09.2019,0,0,1,0,0,0,0,0,0,0,0,0,0,1,0
2020-08-05,Nederland,bosbrand,0,8.05.2020,1,0,0,0,0,0,0,0,0,0,0,0,0,0,0
2022-07-25,Nederland,,0,25.07.2022,1,0,0,0,0,0,0,0,0,0,0,0,0,0,0
2022-09-03,Oekraïne,oorlog,0,9.03.2022,0,1,0,1,0,0,0,0,0,0,0,0,0,0,0
2019-07-13,Nederland,noodtoestand,0,13.07.2019,1,0,0,0,0,0,0,0,0,0,0,0,0,0,0
2019-06-05,India,cycloon,3,6.05.2019,0,0,1,0,0,0,0,0,0,0,0,0,0,0,1
2021-12-19,Filipijnen,tyfoon,447,19.12.2021,0,0,1,0,0,0,0,0,0,0,0,0,0,0,1
2020-04-10,Noordwest-italië zuidoost-frankrijk,zware storm,9,4.10.2020,0,0,1,0,0,0,0,0,0,0,0,0,0,0,0
2021-08-30,Nederland,brand,0,30.08.2021,1,0,0,1,0,0,0,0,0,0,0,0,0,0,0
2020-03-26,Libië,burgeroorlog,5,26.03.2020,0,0,1,1,0,0,0,0,0,0,0,0,1,0,0
2022-10-08,Oekraïne,oorlog,0,10.08.2022,0,1,0,1,0,0,0,0,0,0,0,0,0,0,0
2021-12-08,Albanië,bosbrand,0,12.08.2021,0,1,0,0,0,0,0,0,0,0,0,0,0,0,0
2021-05-10,Afghanistan,,0,5.10.2021,0,0,1,0,0,0,0,0,0,0,0,0,0,0,1
2019-01-07,Mozambique,cycloon,0,1.07.2019,0,0,1,0,0,0,0,0,0,0,0,0,1,0,0
2021-12-07,Griekenland,bosbrand,0,12.07.2021,0,1,0,0,0,0,0,0,0,0,0,0,0,0,0
2019-04-23,Nederland,bosbrand,0,23.04.2019,1,0,0,0,0,0,0,0,0,0,0,0,0,0,0
2019-06-08,Burundi,malaria,1800,6.08.2019,0,0,1,0,0,0,0,0,0,0,0,0,1,0,0
2022-08-15,Frankrijk,bosbrand,0,15.08.2022,0,1,0,0,0,0,0,0,0,0,0,0,0,0,0
2022-05-07,Italië,noodtoestand droogte,0,5.07.2022,0,1,0,0,0,0,0,0,0,0,0,0,0,0,0
2019-08-28,Indonesië,protesten,6,28.08.2019,0,0,1,0,0,0,0,0,1,0,0,0,0,0,0
2022-06-20,Rusland,oorlog,0,20.06.2022,0,0,1,1,0,0,0,0,0,0,0,0,0,0,1
2022-02-24,Rusland,oorlog,0,24.02.2022,0,0,1,1,0,0,0,0,0,0,0,0,0,0,1
2021-08-08,Italië,bosbrand,10,8.08.2021,0,1,0,0,0,0,0,0,0,0,0,0,0,0,0
2020-02-01,Australië,bosbranden,17,2.01.2020,0,0,1,0,0,0,0,0,0,0,0,1,0,0,0
2021-11-11,Divers,,0,11.11.2021,0,0,1,0,0,0,0,0,0,0,0,0,0,0,0
2022-02-26,Oekraïne,oorlog,0,26.02.2022,0,1,0,1,0,0,0,0,0,0,0,0,0,0,0
2022-04-03,Oekraïne,beschietingen,3,4.03.2022,0,1,0,1,0,0,0,0,0,0,0,0,0,0,0
2020-07-27,India,coronavirus,32000,27.07.2020,0,0,1,0,0,0,0,0,0,0,0,0,0,0,1
2019-02-04,Mozambique,cycloon,0,2.04.2019,0,0,1,0,0,0,0,0,0,0,0,0,1,0,0
2022-10-03,Oekraïne,oorlog,1300,10.03.2022,0,1,0,1,0,0,0,0,0,0,0,0,0,0,0
2021-09-29,Nederland,vulkaanuitbarsting,0,29.09.2021,1,0,0,0,0,0,0,0,0,0,0,0,0,0,0
2021-04-21,Nederland,brand,0,21.04.2021,1,0,0,1,0,0,0,0,0,0,0,0,0,0,0
2021-08-28,Verenigde staten,orkaan,0,28.08.2021,0,0,1,0,0,0,0,0,0,0,0,0,0,1,0
2019-11-07,Griekenland,noodweer,7,11.07.2019,0,1,0,0,0,0,0,0,0,0,0,0,0,0,0
2020-09-13,Verenigde staten,tropische storm,0,13.09.2020,0,0,1,0,0,0,0,0,0,0,0,0,0,1,0
2019-10-20,Chili,rellen,3,20.10.2019,0,0,1,0,0,0,0,0,0,0,0,0,0,1,0
2020-05-21,Filipijnen,tyfoon,0,21.05.2020,0,0,1,0,0,0,0,0,0,0,0,0,0,0,1
